frogswab_ID,pond,treatment,swab1,year,before.after,infected
1,CA-PIG,sham,0,2019,before,0
2,CA-PIG,sham,0,2019,before,0
3,CA-PIG,sham,0,2019,before,0
4,CA-PIG,sham,0,2019,before,0
5,CA-PIG,sham,0,2019,before,0
6,CA-PIG,sham,0,2019,before,0
7,CA-PIG,sham,0,2019,before,0
8,CA-PIG,sham,0,2019,before,0
9,CA-PIG,sham,143.2,2019,before,1
10,CA-PIG,sham,0,2019,before,0
11,CA-PIG,sham,0,2019,before,0
12,CA-PIG,sham,0,2019,before,0
13,CA-PIG,sham,0,2019,before,0
14,CA-PIG,sham,0,2019,before,0
15,CA-PIG,sham,0,2019,before,0
16,CA-PIG,sham,0,2019,before,0
17,CA-PIG,sham,0,2019,before,0
18,CA-PIG,sham,0.1,2019,before,1
19,CA-PIG,sham,0,2019,before,0
20,CA-PIG,sham,0,2019,before,0
21,CA-PIG,sham,0,2019,before,0
22,CA-PIG,sham,0,2019,before,0
23,CA-PIG,sham,0,2019,before,0
24,CA-PIG,sham,1905.4,2019,before,1
25,CA-PIG,sham,0,2019,before,0
26,CA-PIG,sham,6964.8,2019,before,1
27,CA-PIG,sham,177.2,2019,before,1
28,CA-PIG,sham,324.6,2019,before,1
29,CA-PIG,sham,0,2019,before,0
30,CA-PIG,sham,961,2019,before,1
31,CA-PIG,sham,98.9,2019,before,1
32,CA-PIG,sham,0,2019,before,0
33,CA-PIG,sham,65,2019,before,1
34,CA-PIG,sham,82.8,2019,before,1
35,CA-PIG,sham,51.2,2019,before,1
36,CA-PIG,sham,11.7,2019,before,1
37,CA-PIG,sham,4.9,2019,before,1
38,CA-PIG,sham,5045.9,2019,before,1
39,CA-PIG,sham,138.2,2019,before,1
40,CA-PIG,sham,0,2019,before,0
49,GLORGCP,vaccine,0,2019,before,0
50,GLORGCP,vaccine,0,2019,before,0
51,GLORGCP,vaccine,683.1,2019,before,1
52,GLORGCP,vaccine,0,2019,before,0
53,GLORGCP,vaccine,79056.4,2019,before,1
54,GLORGCP,vaccine,0,2019,before,0
55,GLORGCP,vaccine,0,2019,before,0
56,GLORGCP,vaccine,0,2019,before,0
57,GLORGCP,vaccine,56040.4,2019,before,1
58,GLORGCP,vaccine,0,2019,before,0
60,GLORGCP,vaccine,1835.7,2019,before,1
61,GLORGCP,vaccine,0,2019,before,0
62,GLORGCP,vaccine,0,2019,before,0
63,GLORGCP,vaccine,0,2019,before,0
64,GLORGCP,vaccine,2481.7,2019,before,1
65,GLORGCP,vaccine,0,2019,before,0
66,GLORGCP,vaccine,0,2019,before,0
67,GLORGCP,vaccine,101305,2019,before,1
68,GLORGCP,vaccine,0,2019,before,0
69,GLORGCP,vaccine,7980,2019,before,1
71,GLORGCP,vaccine,0,2019,before,0
72,GLORGCP,vaccine,0,2019,before,0
73,GLORGCP,vaccine,0,2019,before,0
74,GLORGCP,vaccine,0,2019,before,0
75,GLORGCP,vaccine,558,2019,before,1
76,GLORGCP,vaccine,229,2019,before,1
77,GLORGCP,vaccine,0,2019,before,0
78,GLORGCP,vaccine,171,2019,before,1
79,GLORGCP,vaccine,0,2019,before,0
80,GLORGCP,vaccine,0,2019,before,0
121,CA-MANZA,vaccine,14366,2019,before,1
122,CA-MANZA,vaccine,0,2019,before,0
123,CA-MANZA,vaccine,316,2019,before,1
124,CA-MANZA,vaccine,0,2019,before,0
125,CA-MANZA,vaccine,1441,2019,before,1
126,CA-MANZA,vaccine,2395,2019,before,1
127,CA-MANZA,vaccine,0,2019,before,0
128,CA-MANZA,vaccine,1137,2019,before,1
129,CA-MANZA,vaccine,11060,2019,before,1
131,CA-MANZA,vaccine,0,2019,before,0
132,CA-MANZA,vaccine,0,2019,before,0
133,CA-MANZA,vaccine,0,2019,before,0
134,CA-MANZA,vaccine,0,2019,before,0
135,CA-MANZA,vaccine,0,2019,before,0
136,CA-MANZA,vaccine,0,2019,before,0
137,CA-MANZA,vaccine,0,2019,before,0
138,CA-MANZA,vaccine,0,2019,before,0
139,CA-MANZA,vaccine,0,2019,before,0
140,CA-MANZA,vaccine,0,2019,before,0
141,CA-MANZA,vaccine,0,2019,before,0
142,CA-MANZA,vaccine,0,2019,before,0
143,CA-MANZA,vaccine,0,2019,before,0
144,CA-MANZA,vaccine,0,2019,before,0
145,CA-MANZA,vaccine,0,2019,before,0
146,CA-MANZA,vaccine,0,2019,before,0
147,CA-MANZA,vaccine,0,2019,before,0
148,CA-MANZA,vaccine,0,2019,before,0
149,CA-MANZA,vaccine,0,2019,before,0
150,CA-MANZA,vaccine,0,2019,before,0
151,CA-MANZA,vaccine,0,2019,before,0
152,CA-MANZA,vaccine,0,2019,before,0
153,CA-MANZA,vaccine,0,2019,before,0
154,CA-MANZA,vaccine,0,2019,before,0
155,CA-MANZA,vaccine,0,2019,before,0
156,CA-MANZA,vaccine,0,2019,before,0
157,CA-MANZA,vaccine,1228,2019,before,1
158,CA-MANZA,vaccine,153,2019,before,1
159,CA-MANZA,vaccine,0,2019,before,0
160,CA-MANZA,vaccine,9207,2019,before,1
161,NTALKGCP,sham,0,2019,before,0
162,NTALKGCP,sham,0,2019,before,0
163,NTALKGCP,sham,0,2019,before,0
164,NTALKGCP,sham,0,2019,before,0
165,NTALKGCP,sham,0,2019,before,0
166,NTALKGCP,sham,0,2019,before,0
167,NTALKGCP,sham,0,2019,before,0
168,NTALKGCP,sham,0,2019,before,0
171,NTALKGCP,sham,0,2019,before,0
172,NTALKGCP,sham,0,2019,before,0
173,NTALKGCP,sham,0,2019,before,0
174,NTALKGCP,sham,54.6,2019,before,1
175,NTALKGCP,sham,0,2019,before,0
176,NTALKGCP,sham,0,2019,before,0
177,NTALKGCP,sham,0,2019,before,0
178,NTALKGCP,sham,0,2019,before,0
179,NTALKGCP,sham,0,2019,before,0
181,NTALKGCP,sham,0,2019,before,0
182,NTALKGCP,sham,0,2019,before,0
183,NTALKGCP,sham,0,2019,before,0
184,NTALKGCP,sham,132.7,2019,before,1
185,NTALKGCP,sham,0,2019,before,0
186,NTALKGCP,sham,0,2019,before,0
187,NTALKGCP,sham,0,2019,before,0
188,NTALKGCP,sham,0,2019,before,0
189,NTALKGCP,sham,0,2019,before,0
190,NTALKGCP,sham,0,2019,before,0
191,NTALKGCP,sham,0,2019,before,0
192,NTALKGCP,sham,0,2019,before,0
193,NTALKGCP,sham,0,2019,before,0
194,NTALKGCP,sham,0,2019,before,0
195,NTALKGCP,sham,0,2019,before,0
196,NTALKGCP,sham,0,2019,before,0
197,NTALKGCP,sham,0,2019,before,0
198,NTALKGCP,sham,0,2019,before,0
199,NTALKGCP,sham,510.8,2019,before,1
241,YBBA,sham,0,2019,before,0
242,YBBA,sham,0,2019,before,0
243,YBBA,sham,0,2019,before,0
245,YBBA,sham,0,2019,before,0
246,YBBA,sham,16004,2019,before,1
249,YBBA,sham,0,2019,before,0
250,YBBA,sham,0,2019,before,0
251,YBBA,sham,0,2019,before,0
252,YBBA,sham,0,2019,before,0
255,YBBA,sham,0,2019,before,0
256,YBBA,sham,0,2019,before,0
257,YBBA,sham,0,2019,before,0
258,YBBA,sham,0,2019,before,0
259,YBBA,sham,0,2019,before,0
260,YBBA,sham,0,2019,before,0
261,YBBA,sham,0,2019,before,0
262,YBBA,sham,0,2019,before,0
263,YBBA,sham,0,2019,before,0
264,YBBA,sham,0,2019,before,0
265,YBBA,sham,0,2019,before,0
266,YBBA,sham,31935,2019,before,1
268,YBBA,sham,0,2019,before,0
270,YBBA,sham,0,2019,before,0
271,YBBA,sham,0,2019,before,0
274,YBBA,sham,0,2019,before,0
276,YBBA,sham,0,2019,before,0
277,YBBA,sham,0,2019,before,0
278,YBBA,sham,0,2019,before,0
279,YBBA,sham,0,2019,before,0
280,YBBA,sham,0,2019,before,0
282,YBBA,sham,0,2019,before,0
283,YBBA,sham,0,2019,before,0
284,YBBA,sham,0,2019,before,0
285,HERONGCP,vaccine,49589.4,2019,before,1
287,HERONGCP,vaccine,0,2019,before,0
288,HERONGCP,vaccine,0,2019,before,0
289,HERONGCP,vaccine,0,2019,before,0
290,HERONGCP,vaccine,0,2019,before,0
291,HERONGCP,vaccine,0,2019,before,0
292,HERONGCP,vaccine,0,2019,before,0
293,HERONGCP,vaccine,0,2019,before,0
294,HERONGCP,vaccine,0,2019,before,0
295,HERONGCP,vaccine,0,2019,before,0
296,HERONGCP,vaccine,0,2019,before,0
297,HERONGCP,vaccine,0,2019,before,0
298,HERONGCP,vaccine,0,2019,before,0
299,HERONGCP,vaccine,0,2019,before,0
300,HERONGCP,vaccine,0,2019,before,0
301,HERONGCP,vaccine,0,2019,before,0
302,HERONGCP,vaccine,0,2019,before,0
303,HERONGCP,vaccine,0,2019,before,0
304,HERONGCP,vaccine,0,2019,before,0
305,HERONGCP,vaccine,0,2019,before,0
306,HERONGCP,vaccine,400.5,2019,before,1
307,HERONGCP,vaccine,0,2019,before,0
308,HERONGCP,vaccine,0,2019,before,0
309,HERONGCP,vaccine,0,2019,before,0
310,HERONGCP,vaccine,0,2019,before,0
311,HERONGCP,vaccine,0,2019,before,0
312,HERONGCP,vaccine,0,2019,before,0
313,HERONGCP,vaccine,0,2019,before,0
314,HERONGCP,vaccine,0,2019,before,0
315,HERONGCP,vaccine,0,2019,before,0
316,HERONGCP,vaccine,0,2019,before,0
317,HERONGCP,vaccine,0,2019,before,0
318,HERONGCP,vaccine,0,2019,before,0
319,HERONGCP,vaccine,0,2019,before,0
320,HERONGCP,vaccine,0,2019,before,0
321,HERONGCP,vaccine,0,2019,before,0
322,HERONGCP,vaccine,0,2019,before,0
323,HERONGCP,vaccine,617.9,2019,before,1
324,HERONGCP,vaccine,0,2019,before,0
325,HERONGCP,vaccine,0,2019,before,0
326,HERONGCP,vaccine,0,2019,before,0
327,HERONGCP,vaccine,0,2019,before,0
328,NORTHGCP,vaccine,0,2019,before,0
329,NORTHGCP,vaccine,0,2019,before,0
330,NORTHGCP,vaccine,0,2019,before,0
331,NORTHGCP,vaccine,0,2019,before,0
332,NORTHGCP,vaccine,0,2019,before,0
333,NORTHGCP,vaccine,0,2019,before,0
334,NORTHGCP,vaccine,1153.1,2019,before,1
335,NORTHGCP,vaccine,1170.9,2019,before,1
336,NORTHGCP,vaccine,0,2019,before,0
337,NORTHGCP,vaccine,0,2019,before,0
338,NORTHGCP,vaccine,0,2019,before,0
339,NORTHGCP,vaccine,0,2019,before,0
340,NORTHGCP,vaccine,0,2019,before,0
341,NORTHGCP,vaccine,0,2019,before,0
342,NORTHGCP,vaccine,0,2019,before,0
343,NORTHGCP,vaccine,0,2019,before,0
344,NORTHGCP,vaccine,0,2019,before,0
345,NORTHGCP,vaccine,0,2019,before,0
346,NORTHGCP,vaccine,0,2019,before,0
347,NORTHGCP,vaccine,0,2019,before,0
348,NORTHGCP,vaccine,0,2019,before,0
349,NORTHGCP,vaccine,0,2019,before,0
350,NORTHGCP,vaccine,0,2019,before,0
351,NORTHGCP,vaccine,0,2019,before,0
352,NORTHGCP,vaccine,0,2019,before,0
353,NORTHGCP,vaccine,0,2019,before,0
354,NORTHGCP,vaccine,0,2019,before,0
355,NORTHGCP,vaccine,0,2019,before,0
356,NORTHGCP,vaccine,0,2019,before,0
357,NORTHGCP,vaccine,0,2019,before,0
358,NORTHGCP,vaccine,0,2019,before,0
359,NORTHGCP,vaccine,0,2019,before,0
360,NORTHGCP,vaccine,0,2019,before,0
361,NORTHGCP,vaccine,0,2019,before,0
362,NORTHGCP,vaccine,0,2019,before,0
363,NORTHGCP,vaccine,72009.5,2019,before,1
364,NORTHGCP,vaccine,211,2019,before,1
365,NORTHGCP,vaccine,0,2019,before,0
366,NORTHGCP,vaccine,0,2019,before,0
367,NORTHGCP,vaccine,34325.6,2019,before,1
368,NORTHGCP,vaccine,0,2019,before,0
409,UCTBOR,vaccine,0,2019,before,0
410,UCTBOR,vaccine,0,2019,before,0
411,UCTBOR,vaccine,0,2019,before,0
412,UCTBOR,vaccine,0,2019,before,0
413,UCTBOR,vaccine,0,2019,before,0
414,UCTBOR,vaccine,1700.5,2019,before,1
415,UCTBOR,vaccine,0,2019,before,0
416,UCTBOR,vaccine,3732.1,2019,before,1
417,UCTBOR,vaccine,0,2019,before,0
418,UCTBOR,vaccine,0,2019,before,0
419,UCTBOR,vaccine,0,2019,before,0
421,UCTBOR,vaccine,0,2019,before,0
422,UCTBOR,vaccine,9173.2,2019,before,1
427,UCTBOR,vaccine,0,2019,before,0
428,UCTBOR,vaccine,0,2019,before,0
431,UCTBOR,vaccine,0,2019,before,0
433,UCTBOR,vaccine,127.2,2019,before,1
435,UCTBOR,vaccine,0,2019,before,0
437,UCTBOR,vaccine,0,2019,before,0
438,UCTBOR,vaccine,0,2019,before,0
439,UCTBOR,vaccine,0,2019,before,0
440,UCTBOR,vaccine,0,2019,before,0
441,UCTBOR,vaccine,6537.9,2019,before,1
445,UCTBOR,vaccine,0,2019,before,0
447,UCTBOR,vaccine,0,2019,before,0
628,GRAMPBOR,sham,0,2019,before,0
629,GRAMPBOR,sham,0,2019,before,0
630,GRAMPBOR,sham,0,2019,before,0
631,GRAMPBOR,sham,0,2019,before,0
632,GRAMPBOR,sham,0,2019,before,0
633,GRAMPBOR,sham,0,2019,before,0
634,GRAMPBOR,sham,32492,2019,before,1
635,GRAMPBOR,sham,0,2019,before,0
636,GRAMPBOR,sham,8713.2,2019,before,1
637,GRAMPBOR,sham,0,2019,before,0
638,GRAMPBOR,sham,0,2019,before,0
639,GRAMPBOR,sham,0,2019,before,0
640,GRAMPBOR,sham,0,2019,before,0
641,GRAMPBOR,sham,2544.3,2019,before,1
642,GRAMPBOR,sham,450.9,2019,before,1
643,GRAMPBOR,sham,0,2019,before,0
644,GRAMPBOR,sham,0,2019,before,0
645,GRAMPBOR,sham,0,2019,before,0
648,GRAMPBOR,sham,0,2019,before,0
649,GRAMPBOR,sham,0,2019,before,0
650,GRAMPBOR,sham,0,2019,before,0
651,GRAMPBOR,sham,0,2019,before,0
652,GRAMPBOR,sham,0,2019,before,0
653,GRAMPBOR,sham,0,2019,before,0
654,GRAMPBOR,sham,2959.9,2019,before,1
655,GRAMPBOR,sham,2469.4,2019,before,1
656,GRAMPBOR,sham,0,2019,before,0
657,GRAMPBOR,sham,0,2019,before,0
658,GRAMPBOR,sham,0,2019,before,0
659,GRAMPBOR,sham,0,2019,before,0
660,GRAMPBOR,sham,0,2019,before,0
661,GRAMPBOR,sham,488.6,2019,before,1
662,GRAMPBOR,sham,0,2019,before,0
663,GRAMPBOR,sham,1216.9,2019,before,1
664,GRAMPBOR,sham,2757.2,2019,before,1
665,GRAMPBOR,sham,5788.9,2019,before,1
666,GRAMPBOR,sham,0,2019,before,0
667,GRAMPBOR,sham,0,2019,before,0
668,GRAMPBOR,sham,0,2019,before,0
669,GRAMPBOR,sham,9151.9,2019,before,1
670,GRAMPBOR,sham,0,2019,before,0
671,GRAMPBOR,sham,0,2019,before,0
672,GRAMPBOR,sham,4082.8,2019,before,1
673,GRAMPBOR,sham,8250.4,2019,before,1
674,GRAMPBOR,sham,1274.7,2019,before,1
675,GRAMPBOR,sham,464,2019,before,1
676,GRAMPBOR,sham,0,2019,before,0
677,GRAMPBOR,sham,0,2019,before,0
678,CABINBOR,sham,579.5,2019,before,1
679,CABINBOR,sham,0,2019,before,0
680,CABINBOR,sham,1211.4,2019,before,1
681,CABINBOR,sham,10942.6,2019,before,1
683,CABINBOR,sham,0,2019,before,0
684,CABINBOR,sham,0,2019,before,0
685,CABINBOR,sham,0,2019,before,0
686,CABINBOR,sham,0,2019,before,0
687,CABINBOR,sham,0,2019,before,0
688,CABINBOR,sham,0,2019,before,0
689,CABINBOR,sham,0,2019,before,0
690,CABINBOR,sham,0,2019,before,0
691,CABINBOR,sham,0,2019,before,0
692,CABINBOR,sham,0,2019,before,0
693,CABINBOR,sham,0,2019,before,0
694,CABINBOR,sham,0,2019,before,0
695,CABINBOR,sham,0,2019,before,0
696,CABINBOR,sham,0,2019,before,0
697,CABINBOR,sham,0,2019,before,0
698,CABINBOR,sham,0,2019,before,0
699,CABINBOR,sham,0,2019,before,0
700,CABINBOR,sham,0,2019,before,0
701,CABINBOR,sham,0,2019,before,0
702,CABINBOR,sham,0,2019,before,0
703,CABINBOR,sham,0,2019,before,0
704,CABINBOR,sham,0,2019,before,0
705,CABINBOR,sham,0,2019,before,0
706,CABINBOR,sham,703.1,2019,before,1
707,CABINBOR,sham,1638.4,2019,before,1
708,CABINBOR,sham,22615.8,2019,before,1
709,CABINBOR,sham,2665.8,2019,before,1
710,CABINBOR,sham,3764.3,2019,before,1
711,CABINBOR,sham,72097.6,2019,before,1
712,CABINBOR,sham,0,2019,before,0
715,PPKBOR,vaccine,4734.8,2019,before,1
716,PPKBOR,vaccine,1081.3,2019,before,1
717,PPKBOR,vaccine,277.1,2019,before,1
718,PPKBOR,vaccine,758.5,2019,before,1
719,PPKBOR,vaccine,696.4,2019,before,1
720,PPKBOR,vaccine,1630.4,2019,before,1
721,PPKBOR,vaccine,1158.7,2019,before,1
722,PPKBOR,vaccine,0,2019,before,0
723,PPKBOR,vaccine,6625.8,2019,before,1
724,PPKBOR,vaccine,118.2,2019,before,1
725,PPKBOR,vaccine,338.7,2019,before,1
726,PPKBOR,vaccine,220.1,2019,before,1
727,PPKBOR,vaccine,0,2019,before,0
728,PPKBOR,vaccine,5976.8,2019,before,1
729,PPKBOR,vaccine,2420.6,2019,before,1
730,PPKBOR,vaccine,573.2,2019,before,1
731,PPKBOR,vaccine,34194.1,2019,before,1
732,PPKBOR,vaccine,701.1,2019,before,1
733,PPKBOR,vaccine,0,2019,before,0
734,PPKBOR,vaccine,220.9,2019,before,1
735,PPKBOR,vaccine,0,2019,before,0
736,PPKBOR,vaccine,0,2019,before,0
737,PPKBOR,vaccine,90.2,2019,before,1
738,PPKBOR,vaccine,0,2019,before,0
739,PPKBOR,vaccine,85.7,2019,before,1
740,PPKBOR,vaccine,123.6,2019,before,1
741,PPKBOR,vaccine,0,2019,before,0
742,PPKBOR,vaccine,0,2019,before,0
822,NORTHGCP,vaccine,0,2022,after,0
824,NORTHGCP,vaccine,0,2022,after,0
825,HERONGCP,vaccine,0,2022,after,0
827,NORTHGCP,vaccine,0,2022,after,0
828,NORTHGCP,vaccine,0,2022,after,0
829,NORTHGCP,vaccine,0,2022,after,0
830,HERONGCP,vaccine,0,2022,after,0
831,HERONGCP,vaccine,0,2022,after,0
832,NORTHGCP,vaccine,0,2022,after,0
833,NORTHGCP,vaccine,372.3,2022,after,1
834,NORTHGCP,vaccine,0,2022,after,0
835,NORTHGCP,vaccine,0,2022,after,0
836,NORTHGCP,vaccine,0,2022,after,0
837,HERONGCP,vaccine,0,2022,after,0
839,NORTHGCP,vaccine,0,2022,after,0
841,NORTHGCP,vaccine,0,2022,after,0
843,NORTHGCP,vaccine,0,2022,after,0
845,HERONGCP,vaccine,0,2022,after,0
846,NORTHGCP,vaccine,0,2022,after,0
849,HERONGCP,vaccine,0,2022,after,0
851,HERONGCP,vaccine,0,2022,after,0
853,HERONGCP,vaccine,0,2022,after,0
855,HERONGCP,vaccine,0,2022,after,0
856,CA-PIG,sham,0,2022,after,0
857,CA-PIG,sham,0,2022,after,0
858,CA-PIG,sham,0,2022,after,0
860,CA-PIG,sham,0,2022,after,0
862,CA-PIG,sham,323.5,2022,after,1
864,CA-PIG,sham,0,2022,after,0
866,CA-PIG,sham,0,2022,after,0
867,CA-PIG,sham,0,2022,after,0
868,CA-PIG,sham,0,2022,after,0
869,CA-PIG,sham,0,2022,after,0
870,CA-PIG,sham,0,2022,after,0
872,CA-PIG,sham,0,2022,after,0
874,CA-PIG,sham,0,2022,after,0
876,HERONGCP,vaccine,0,2022,after,0
877,WASHGCP,sham,510.3,2022,after,1
878,WASHGCP,sham,0,2022,after,0
879,WASHGCP,sham,0,2022,after,0
881,CA-PIG,sham,0,2022,after,0
883,CA-PIG,sham,0,2022,after,0
885,CA-PIG,sham,0,2022,after,0
886,CA-PIG,sham,0,2022,after,0
887,CA-PIG,sham,0,2022,after,0
888,CA-PIG,sham,0,2022,after,0
891,CA-PIG,sham,2327,2022,after,1
893,CA-PIG,sham,207.4,2022,after,1
894,CA-PIG,sham,0,2022,after,0
895,CA-PIG,sham,0,2022,after,0
897,CA-PIG,sham,47,2022,after,1
898,CA-PIG,sham,0,2022,after,0
899,CA-PIG,sham,0,2022,after,0
901,CA-PIG,sham,364.1,2022,after,1
903,HERONGCP,vaccine,446.1,2022,after,1
905,HERONGCP,vaccine,0,2022,after,0
906,HERONGCP,vaccine,0,2022,after,0
907,HERONGCP,vaccine,0,2022,after,0
909,HERONGCP,vaccine,0,2022,after,0
910,HERONGCP,vaccine,289.8,2022,after,1
911,HERONGCP,vaccine,1020.5,2022,after,1
912,HERONGCP,vaccine,0,2022,after,0
913,HERONGCP,vaccine,0,2022,after,0
915,HERONGCP,vaccine,521.3,2022,after,1
917,HERONGCP,vaccine,148.8,2022,after,1
918,HERONGCP,vaccine,124.6,2022,after,1
919,HERONGCP,vaccine,0,2022,after,0
921,HERONGCP,vaccine,0,2022,after,0
922,HERONGCP,vaccine,0,2022,after,0
923,HERONGCP,vaccine,0,2022,after,0
925,HERONGCP,vaccine,329.9,2022,after,1
926,HERONGCP,vaccine,0,2022,after,0
927,WASHGCP,sham,0,2022,after,0
928,WASHGCP,sham,0,2022,after,0
929,WASHGCP,sham,0,2022,after,0
931,WASHGCP,sham,0,2022,after,0
933,NORTHGCP,vaccine,0,2022,after,0
934,NORTHGCP,vaccine,0,2022,after,0
935,NORTHGCP,vaccine,0,2022,after,0
937,NORTHGCP,vaccine,25970.2,2022,after,1
939,NORTHGCP,vaccine,0,2022,after,0
941,NORTHGCP,vaccine,0,2022,after,0
943,NORTHGCP,vaccine,0,2022,after,0
945,NORTHGCP,vaccine,0,2022,after,0
946,NORTHGCP,vaccine,0,2022,after,0
947,NORTHGCP,vaccine,0,2022,after,0
949,NORTHGCP,vaccine,0,2022,after,0
951,NORTHGCP,vaccine,0,2022,after,0
952,GLORGCP,vaccine,0,2022,after,0
954,GLORGCP,vaccine,0,2022,after,0
955,GLORGCP,vaccine,14.1,2022,after,1
956,GLORGCP,vaccine,0,2022,after,0
957,GLORGCP,vaccine,0,2022,after,0
958,GLORGCP,vaccine,0,2022,after,0
960,GLORGCP,vaccine,84.5,2022,after,1
962,GLORGCP,vaccine,0,2022,after,0
964,GLORGCP,vaccine,0,2022,after,0
965,GLORGCP,vaccine,0,2022,after,0
968,GLORGCP,vaccine,0,2022,after,0
969,GLORGCP,vaccine,0,2022,after,0
970,GLORGCP,vaccine,1.2,2022,after,1
971,GLORGCP,vaccine,0,2022,after,0
972,GLORGCP,vaccine,0,2022,after,0
974,GLORGCP,vaccine,20.4,2022,after,1
976,GLORGCP,vaccine,0,2022,after,0
978,GLORGCP,vaccine,0,2022,after,0
980,GLORGCP,vaccine,0,2022,after,0
981,GLORGCP,vaccine,0,2022,after,0
982,GLORGCP,vaccine,0,2022,after,0
983,GLORGCP,vaccine,3.6,2022,after,1
984,GLORGCP,vaccine,0,2022,after,0
985,GLORGCP,vaccine,4.8,2022,after,1
986,GLORGCP,vaccine,28.9,2022,after,1
987,GLORGCP,vaccine,6.4,2022,after,1
988,GLORGCP,vaccine,0,2022,after,0
989,GLORGCP,vaccine,0,2022,after,0
990,GLORGCP,vaccine,0,2022,after,0
995,NTALKGCP,sham,0,2022,after,0
996,NTALKGCP,sham,0,2022,after,0
998,NTALKGCP,sham,0,2022,after,0
999,NTALKGCP,sham,8.5,2022,after,1
1000,NTALKGCP,sham,0,2022,after,0
1004,NTALKGCP,sham,0,2022,after,0
1006,NTALKGCP,sham,48.8,2022,after,1
1007,NTALKGCP,sham,17.1,2022,after,1
1008,NTALKGCP,sham,0,2022,after,0
1009,NTALKGCP,sham,0,2022,after,0
1010,NTALKGCP,sham,2.6,2022,after,1
1013,NTALKGCP,sham,0,2022,after,0
1014,NTALKGCP,sham,0,2022,after,0
1016,NTALKGCP,sham,103.5,2022,after,1
1018,NTALKGCP,sham,55.3,2022,after,1
1022,NTALKGCP,sham,0,2022,after,0
1023,NTALKGCP,sham,0,2022,after,0
1024,NTALKGCP,sham,0,2022,after,0
1025,NTALKGCP,sham,3.9,2022,after,1
1026,NTALKGCP,sham,210.1,2022,after,1
1028,NTALKGCP,sham,0,2022,after,0
1030,NTALKGCP,sham,0,2022,after,0
1031,NTALKGCP,sham,188.4,2022,after,1
1032,NTALKGCP,sham,60.4,2022,after,1
1033,NTALKGCP,sham,180,2022,after,1
1034,NTALKGCP,sham,0,2022,after,0
1035,NTALKGCP,sham,106.6,2022,after,1
1036,PPKBOR,vaccine,70.5,2022,after,1
1037,PPKBOR,vaccine,0,2022,after,0
1039,PPKBOR,vaccine,0,2022,after,0
1040,PPKBOR,vaccine,368.4,2022,after,1
1042,PPKBOR,vaccine,3,2022,after,1
1043,PPKBOR,vaccine,2113.7,2022,after,1
1044,PPKBOR,vaccine,0,2022,after,0
1045,PPKBOR,vaccine,91.7,2022,after,1
1046,PPKBOR,vaccine,75.7,2022,after,1
1047,PPKBOR,vaccine,0,2022,after,0
1048,PPKBOR,vaccine,0,2022,after,0
1049,PPKBOR,vaccine,0,2022,after,0
1050,PPKBOR,vaccine,48658.5,2022,after,1
1051,PPKBOR,vaccine,348,2022,after,1
1052,PPKBOR,vaccine,150.5,2022,after,1
1053,PPKBOR,vaccine,3004.5,2022,after,1
1054,PPKBOR,vaccine,0,2022,after,0
1055,PPKBOR,vaccine,249,2022,after,1
1056,PPKBOR,vaccine,0,2022,after,0
1057,PPKBOR,vaccine,1598.9,2022,after,1
1058,CA-MANZA,vaccine,0,2022,after,0
1059,CA-MANZA,vaccine,576.1,2022,after,1
1060,CA-MANZA,vaccine,45819.8,2022,after,1
1061,CA-MANZA,vaccine,303.8,2022,after,1
1062,CA-MANZA,vaccine,0,2022,after,0
1063,CA-MANZA,vaccine,177.6,2022,after,1
1064,CA-MANZA,vaccine,555.3,2022,after,1
1065,CA-MANZA,vaccine,24564.2,2022,after,1
1066,CA-MANZA,vaccine,0,2022,after,0
1067,CA-MANZA,vaccine,1109.8,2022,after,1
1068,CA-MANZA,vaccine,1131.3,2022,after,1
1069,CA-MANZA,vaccine,177.7,2022,after,1
1070,CA-MANZA,vaccine,0,2022,after,0
1071,CA-MANZA,vaccine,0,2022,after,0
1072,CA-MANZA,vaccine,0,2022,after,0
1073,CA-MANZA,vaccine,0,2022,after,0
1074,CA-MANZA,vaccine,338.6,2022,after,1
1075,CA-MANZA,vaccine,122.6,2022,after,1
1076,CA-MANZA,vaccine,0,2022,after,0
1078,CA-MANZA,vaccine,0,2022,after,0
1079,CA-MANZA,vaccine,0,2022,after,0
1080,CA-MANZA,vaccine,158.6,2022,after,1
1081,CA-MANZA,vaccine,0,2022,after,0
1082,CA-MANZA,vaccine,405.9,2022,after,1
1083,CA-MANZA,vaccine,0,2022,after,0
1084,CA-MANZA,vaccine,5.7,2022,after,1
1085,CA-MANZA,vaccine,0,2022,after,0
1086,CA-MANZA,vaccine,0,2022,after,0
1087,CA-MANZA,vaccine,0,2022,after,0
1088,CA-MANZA,vaccine,0,2022,after,0
1089,CA-MANZA,vaccine,0,2022,after,0
1090,CA-MANZA,vaccine,485.5,2022,after,1
1091,CA-MANZA,vaccine,0,2022,after,0
1092,CA-MANZA,vaccine,0,2022,after,0
1094,CA-MANZA,vaccine,0,2022,after,0
1095,CA-MANZA,vaccine,0,2022,after,0
1096,CA-MANZA,vaccine,0,2022,after,0
1097,CA-MANZA,vaccine,185.7,2022,after,1
1098,CA-MANZA,vaccine,7826.1,2022,after,1
1099,CA-MANZA,vaccine,313.8,2022,after,1
1100,CA-MANZA,vaccine,167.5,2022,after,1
1101,CA-MANZA,vaccine,0,2022,after,0
1103,CABINBOR,sham,0,2022,after,0
1105,CABINBOR,sham,0,2022,after,0
1106,CABINBOR,sham,0,2022,after,0
1107,CABINBOR,sham,0,2022,after,0
1109,CABINBOR,sham,333.1,2022,after,1
1111,CABINBOR,sham,0,2022,after,0
1113,CABINBOR,sham,0,2022,after,0
1115,CABINBOR,sham,0,2022,after,0
1117,CABINBOR,sham,0,2022,after,0
1119,CABINBOR,sham,0,2022,after,0
1121,GRAMPBOR,sham,0,2022,after,0
1122,GRAMPBOR,sham,0,2022,after,0
1123,GRAMPBOR,sham,0,2022,after,0
1124,GRAMPBOR,sham,0,2022,after,0
1125,GRAMPBOR,sham,0,2022,after,0
1126,GRAMPBOR,sham,0,2022,after,0
1127,GRAMPBOR,sham,0,2022,after,0
1128,GRAMPBOR,sham,0,2022,after,0
1129,GRAMPBOR,sham,230.2,2022,after,1
1130,GRAMPBOR,sham,0,2022,after,0
1131,GRAMPBOR,sham,1051.4,2022,after,1
1132,GRAMPBOR,sham,0,2022,after,0
1133,GRAMPBOR,sham,0,2022,after,0
1134,GRAMPBOR,sham,0,2022,after,0
1135,GRAMPBOR,sham,0,2022,after,0
1136,GRAMPBOR,sham,0,2022,after,0
1137,GRAMPBOR,sham,0,2022,after,0
1139,GRAMPBOR,sham,2935.8,2022,after,1
1140,GRAMPBOR,sham,0,2022,after,0
1141,GRAMPBOR,sham,0,2022,after,0
1142,GRAMPBOR,sham,0,2022,after,0
1143,GRAMPBOR,sham,0,2022,after,0
1144,GRAMPBOR,sham,0,2022,after,0
1145,GRAMPBOR,sham,0,2022,after,0
1146,YBBA,sham,0,2022,after,0
1147,YBBA,sham,0,2022,after,0
1148,YBBA,sham,0,2022,after,0
1149,YBBA,sham,0,2022,after,0
1151,YBBA,sham,0,2022,after,0
1152,YBBA,sham,0,2022,after,0
1153,YBBA,sham,0,2022,after,0
1155,YBBA,sham,0,2022,after,0
1156,YBBA,sham,0,2022,after,0
1157,YBBA,sham,0,2022,after,0
1158,YBBA,sham,0,2022,after,0
1159,YBBA,sham,0,2022,after,0
1160,YBBA,sham,0,2022,after,0
1161,YBBA,sham,0,2022,after,0
1162,YBBA,sham,0,2022,after,0
1163,YBBA,sham,0,2022,after,0
1164,YBBA,sham,0,2022,after,0
1165,YBBA,sham,0,2022,after,0
1166,YBBA,sham,0,2022,after,0
1167,YBBA,sham,0,2022,after,0
1168,UCTBOR,vaccine,0,2022,after,0
1169,UCTBOR,vaccine,0,2022,after,0
1170,UCTBOR,vaccine,0,2022,after,0
1171,UCTBOR,vaccine,0,2022,after,0
1172,UCTBOR,vaccine,0,2022,after,0
1173,UCTBOR,vaccine,0,2022,after,0
1175,UCTBOR,vaccine,0,2022,after,0
1181,UCTBOR,vaccine,72.2,2022,after,1
1183,UCTBOR,vaccine,0,2022,after,0
1185,UCTBOR,vaccine,0,2022,after,0
1186,UCTBOR,vaccine,0,2022,after,0
1191,GRAMPBOR,sham,0,2022,after,0
1192,GRAMPBOR,sham,0,2022,after,0
1193,GRAMPBOR,sham,0,2022,after,0
1194,GRAMPBOR,sham,0,2022,after,0
1195,GRAMPBOR,sham,0,2022,after,0
1197,GRAMPBOR,sham,0,2022,after,0
1199,GRAMPBOR,sham,0,2022,after,0
1201,GRAMPBOR,sham,0,2022,after,0
1203,GRAMPBOR,sham,0,2022,after,0
1204,GRAMPBOR,sham,0,2022,after,0
1205,GRAMPBOR,sham,0,2022,after,0
1207,GRAMPBOR,sham,0,2022,after,0
1209,GRAMPBOR,sham,0,2022,after,0
2013_037_C3,CA-MANZA,vaccine,0,2013,before,0
2013_037_C4,CA-MANZA,vaccine,0.3464905,2013,before,1
2013_037_C5,CA-MANZA,vaccine,0,2013,before,0
2013_037_C6,CA-MANZA,vaccine,0,2013,before,0
2013_037_C7,CA-MANZA,vaccine,0,2013,before,0
2013_037_C8,CA-MANZA,vaccine,0,2013,before,0
2013_037_C9,CA-MANZA,vaccine,0.8591582,2013,before,1
2013_037_D1,CA-MANZA,vaccine,0,2013,before,0
2013_037_D2,CA-MANZA,vaccine,0,2013,before,0
2013_037_D3,CA-MANZA,vaccine,0,2013,before,0
2013_037_D4,CA-MANZA,vaccine,0,2013,before,0
2013_037_D5,CA-MANZA,vaccine,3.114792,2013,before,1
2013_037_D6,CA-MANZA,vaccine,0,2013,before,0
2013_037_D7,CA-MANZA,vaccine,4.221333,2013,before,1
2013_037_D8,CA-MANZA,vaccine,0,2013,before,0
2015-005-D4,CA-MANZA,vaccine,275.3163,2015,before,1
2015-005-D5,CA-MANZA,vaccine,31.32453,2015,before,1
2015-005-D6,CA-MANZA,vaccine,3.780813,2015,before,1
2015-005-D7,CA-MANZA,vaccine,68.54034,2015,before,1
2015-005-D8,CA-MANZA,vaccine,7.316443,2015,before,1
2015-005-D9,CA-MANZA,vaccine,1.803304,2015,before,1
2015-005-E1,CA-MANZA,vaccine,0,2015,before,0
2015-005-E2,CA-MANZA,vaccine,0,2015,before,0
2015-005-E3,CA-MANZA,vaccine,107.0898,2015,before,1
2015-005-E4,CA-MANZA,vaccine,74.52512,2015,before,1
2016-060-C4,CA-MANZA,vaccine,30.56972,2016,before,1
2016-060-C7,CA-MANZA,vaccine,5.773698,2016,before,1
2016-060-D1,CA-MANZA,vaccine,15.71605,2016,before,1
2017-110-H1,CA-MANZA,vaccine,0.5200889,2017,before,1
2017-110-H2,CA-MANZA,vaccine,15.58682,2017,before,1
2017-110-H3,CA-MANZA,vaccine,5.373931,2017,before,1
2017-110-H4,CA-MANZA,vaccine,0,2017,before,0
2017-110-H5,CA-MANZA,vaccine,0,2017,before,0
2017-110-H6,CA-MANZA,vaccine,0.6810555,2017,before,1
2017-110-H7,CA-MANZA,vaccine,32.59441,2017,before,1
2017-110-H8,CA-MANZA,vaccine,0.6861589,2017,before,1
2017-110-H9,CA-MANZA,vaccine,41.45629,2017,before,1
2017-110-I1,CA-MANZA,vaccine,13.11951,2017,before,1
2018-023-A1,CA-MANZA,vaccine,0.8733352,2018,before,1
2018-023-A2,CA-MANZA,vaccine,2.17531,2018,before,1
2018-023-A3,CA-MANZA,vaccine,2.791856,2018,before,1
2018-023-A4,CA-MANZA,vaccine,2.776637,2018,before,1
2018-023-A5,CA-MANZA,vaccine,1.906274,2018,before,1
2018-023-A6,CA-MANZA,vaccine,3.001651,2018,before,1
2018-023-A7,CA-MANZA,vaccine,3.754246,2018,before,1
2018-023-A8,CA-MANZA,vaccine,1.625934,2018,before,1
2018-023-A9,CA-MANZA,vaccine,3.012661,2018,before,1
2018-023-B1,CA-MANZA,vaccine,3.064896,2018,before,1
2013_049_D4,CA-PIG,sham,0,2013,before,0
2013_049_D6,CA-PIG,sham,2796.889,2013,before,1
2013_049_D7,CA-PIG,sham,0.3305017,2013,before,1
2013_049_D8,CA-PIG,sham,0,2013,before,0
2013_049_D9,CA-PIG,sham,2.005011,2013,before,1
2013_049_E1,CA-PIG,sham,29.89174,2013,before,1
2013_049_E2,CA-PIG,sham,19953.08,2013,before,1
2013_049_E3,CA-PIG,sham,261.412,2013,before,1
2013_049_E4,CA-PIG,sham,598.5414,2013,before,1
2013_049_E5,CA-PIG,sham,12.14601,2013,before,1
2013_049_E6,CA-PIG,sham,10.04292,2013,before,1
2013_049_E7,CA-PIG,sham,39.52177,2013,before,1
2013_049_E8,CA-PIG,sham,0,2013,before,0
2013_049_E9,CA-PIG,sham,0,2013,before,0
2015-058-C9,CA-PIG,sham,0,2015,before,0
2015-058-D1,CA-PIG,sham,3.283306,2015,before,1
2015-058-D2,CA-PIG,sham,0,2015,before,0
2015-058-D3,CA-PIG,sham,0,2015,before,0
2015-058-D4,CA-PIG,sham,12.3983,2015,before,1
2015-058-D5,CA-PIG,sham,0,2015,before,0
2015-058-D6,CA-PIG,sham,0,2015,before,0
2015-058-D7,CA-PIG,sham,0,2015,before,0
2015-058-D8,CA-PIG,sham,0,2015,before,0
2015-058-D9,CA-PIG,sham,0,2015,before,0
2015-058-E1,CA-PIG,sham,0,2015,before,0
2015-058-E2,CA-PIG,sham,0,2015,before,0
2016-054-C9,CA-PIG,sham,805.236,2016,before,1
2016-054-D1,CA-PIG,sham,905.1022,2016,before,1
2016-054-D2,CA-PIG,sham,790.7496,2016,before,1
2016-054-D3,CA-PIG,sham,23.79249,2016,before,1
2016-054-D4,CA-PIG,sham,708.704,2016,before,1
2016-054-D5,CA-PIG,sham,115.0035,2016,before,1
2016-054-D6,CA-PIG,sham,88.70219,2016,before,1
2016-054-D7,CA-PIG,sham,2805.528,2016,before,1
2016-054-D8,CA-PIG,sham,91.93332,2016,before,1
2017-018-C3,CA-PIG,sham,0,2017,before,0
2017-018-C4,CA-PIG,sham,0,2017,before,0
2017-018-C5,CA-PIG,sham,0,2017,before,0
2017-018-C6,CA-PIG,sham,0,2017,before,0
2017-018-C7,CA-PIG,sham,0,2017,before,0
2017-018-C8,CA-PIG,sham,0,2017,before,0
2017-018-C9,CA-PIG,sham,0.6535586,2017,before,1
2017-018-D1,CA-PIG,sham,0,2017,before,0
2017-018-D2,CA-PIG,sham,22.51104,2017,before,1
2017-018-D3,CA-PIG,sham,0,2017,before,0
2018-090-C5,CA-PIG,sham,0,2018,before,0
2018-090-C6,CA-PIG,sham,0,2018,before,0
2018-090-C7,CA-PIG,sham,0,2018,before,0
2018-090-C8,CA-PIG,sham,0,2018,before,0
2018-090-C9,CA-PIG,sham,0,2018,before,0
2018-020-I4,CA-PIG,sham,0,2018,before,0
2018-020-I5,CA-PIG,sham,0,2018,before,0
2018-020-I6,CA-PIG,sham,0,2018,before,0
2018-025-a1,CA-PIG,sham,0,2018,before,0
2018-025-a2,CA-PIG,sham,0,2018,before,0
2018-025-a3,CABINBOR,sham,0,2018,before,0
2018-025-a4,CABINBOR,sham,0,2018,before,0
2018-025-a5,CABINBOR,sham,0,2018,before,0
2018-025-a6,CABINBOR,sham,0,2018,before,0
2018-025-a7,CABINBOR,sham,0,2018,before,0
2018-025-a8,CABINBOR,sham,0,2018,before,0
2018-025-a9,CABINBOR,sham,0,2018,before,0
2018-025-b1,CABINBOR,sham,0,2018,before,0
2018-025-b2,CABINBOR,sham,0,2018,before,0
2018-025-b3,CABINBOR,sham,0,2018,before,0
2017-110-I2,GLORGCP,vaccine,17.78611,2017,before,1
2017-110-I3,GLORGCP,vaccine,0,2017,before,0
2017-110-I4,GLORGCP,vaccine,5.454474,2017,before,1
2017-110-I5,GLORGCP,vaccine,14.28959,2017,before,1
2017-110-I6,GLORGCP,vaccine,4.129879,2017,before,1
2017-152-A1,GLORGCP,vaccine,36.32229,2017,before,1
2017-152-A2,GLORGCP,vaccine,8.976756,2017,before,1
2017-152-A3,GLORGCP,vaccine,11.51919,2017,before,1
2017-152-A4,GLORGCP,vaccine,225.2581,2017,before,1
2017-152-A5,GLORGCP,vaccine,1.009455,2017,before,1
2018-021-C9,GLORGCP,vaccine,0,2018,before,0
2018-021-D1,GLORGCP,vaccine,0,2018,before,0
2017-017-F3,GRAMPBOR,sham,0,2017,before,0
2017-017-F4,GRAMPBOR,sham,0,2017,before,0
2017-017-F5,GRAMPBOR,sham,0,2017,before,0
2017-017-F6,GRAMPBOR,sham,0,2017,before,0
2017-017-F7,GRAMPBOR,sham,0,2017,before,0
2017-017-F8,GRAMPBOR,sham,0,2017,before,0
2017-017-F9,GRAMPBOR,sham,0,2017,before,0
2017-017-G1,GRAMPBOR,sham,0,2017,before,0
2017-017-G2,GRAMPBOR,sham,0,2017,before,0
2017-017-G3,GRAMPBOR,sham,39.67044,2017,before,1
2018-062-G9,GRAMPBOR,sham,0,2018,before,0
2018-062-H1,GRAMPBOR,sham,0,2018,before,0
2018-062-H2,GRAMPBOR,sham,0,2018,before,0
2018-062-H3,GRAMPBOR,sham,0,2018,before,0
2018-062-H4,GRAMPBOR,sham,0,2018,before,0
2018-062-H5,GRAMPBOR,sham,0,2018,before,0
2018-062-H6,GRAMPBOR,sham,0,2018,before,0
2018-062-H7,GRAMPBOR,sham,0,2018,before,0
2018-062-H8,GRAMPBOR,sham,0,2018,before,0
2018-062-H9,GRAMPBOR,sham,0,2018,before,0
2013_040_A2,HERONGCP,vaccine,0,2013,before,0
2013_040_A3,HERONGCP,vaccine,0,2013,before,0
2013_040_A4,HERONGCP,vaccine,0,2013,before,0
2013_040_A5,HERONGCP,vaccine,0,2013,before,0
2016-100-D6,HERONGCP,vaccine,146.1478,2016,before,1
2016-100-D8,HERONGCP,vaccine,54.82497,2016,before,1
2018-090-F6,HERONGCP,vaccine,0,2018,before,0
2018-090-F7,HERONGCP,vaccine,0,2018,before,0
2018-090-F8,HERONGCP,vaccine,0,2018,before,0
2018-090-F9,HERONGCP,vaccine,0,2018,before,0
2018-090-G1,HERONGCP,vaccine,0,2018,before,0
2018-090-G2,HERONGCP,vaccine,0,2018,before,0
2018-090-G3,HERONGCP,vaccine,0,2018,before,0
2018-090-G4,HERONGCP,vaccine,0,2018,before,0
2018-090-G5,HERONGCP,vaccine,0,2018,before,0
2018-090-G6,HERONGCP,vaccine,0,2018,before,0
NORTHGCP_20110730-10,NORTHGCP,vaccine,1.148249,2011,before,1
NORTHGCP_20110730-06,NORTHGCP,vaccine,88.799,2011,before,1
NORTHGCP_20110730-12,NORTHGCP,vaccine,72.01429,2011,before,1
NORTHGCP_20110730-03,NORTHGCP,vaccine,63.18929,2011,before,1
NORTHGCP_20110730-05,NORTHGCP,vaccine,216.6254,2011,before,1
NORTHGCP_20110730-09,NORTHGCP,vaccine,0.02065808,2011,before,1
NORTHGCP_20110730-13,NORTHGCP,vaccine,155.6883,2011,before,1
2015-098-A6,NORTHGCP,vaccine,1097.443,2015,before,1
2015-098-A7,NORTHGCP,vaccine,226.1527,2015,before,1
2015-098-A8,NORTHGCP,vaccine,0,2015,before,0
2015-098-A9,NORTHGCP,vaccine,871.0933,2015,before,1
2015-098-B1,NORTHGCP,vaccine,1.445321,2015,before,1
2015-098-B2,NORTHGCP,vaccine,8175.446,2015,before,1
2015-098-B3,NORTHGCP,vaccine,43.65406,2015,before,1
2015-098-B4,NORTHGCP,vaccine,2643.22,2015,before,1
2015-098-B5,NORTHGCP,vaccine,4.439004,2015,before,1
2015-098-B6,NORTHGCP,vaccine,377.9306,2015,before,1
2016-059-G5,NORTHGCP,vaccine,5.490675,2016,before,1
2016-059-G6,NORTHGCP,vaccine,4096.909,2016,before,1
2017-114-C3,NORTHGCP,vaccine,70.04016,2017,before,1
2017-114-C4,NORTHGCP,vaccine,17.38596,2017,before,1
2017-114-C5,NORTHGCP,vaccine,0,2017,before,0
2017-114-C6,NORTHGCP,vaccine,55.50112,2017,before,1
2017-114-C7,NORTHGCP,vaccine,0,2017,before,0
2017-114-C8,NORTHGCP,vaccine,145.8327,2017,before,1
2017-114-C9,NORTHGCP,vaccine,85.10038,2017,before,1
2017-114-D1,NORTHGCP,vaccine,47.26041,2017,before,1
2017-114-D2,NORTHGCP,vaccine,99.09859,2017,before,1
2017-114-D3,NORTHGCP,vaccine,100.882,2017,before,1
2018-021-A3,NORTHGCP,vaccine,0.4955622,2018,before,1
2018-021-A4,NORTHGCP,vaccine,0,2018,before,0
2018-021-A5,NORTHGCP,vaccine,0,2018,before,0
2018-021-A6,NORTHGCP,vaccine,0.64763,2018,before,1
2018-021-A7,NORTHGCP,vaccine,0,2018,before,0
2018-021-A8,NORTHGCP,vaccine,0,2018,before,0
2018-021-A9,NORTHGCP,vaccine,0,2018,before,0
2018-021-I6,NORTHGCP,vaccine,0,2018,before,0
2018-021-B1,NORTHGCP,vaccine,0.000813632,2018,before,1
2018-021-B2,NORTHGCP,vaccine,1.013006,2018,before,1
NTALKGCP_20110802-17,NTALKGCP,sham,7.552375,2011,before,1
NTALKGCP_20110802-21,NTALKGCP,sham,304.988,2011,before,1
NTALKGCP_20110802-13,NTALKGCP,sham,5.639128,2011,before,1
NTALKGCP_20110802-15,NTALKGCP,sham,75.45232,2011,before,1
NTALKGCP_20110802-16,NTALKGCP,sham,73.98668,2011,before,1
NTALKGCP_20110802-19,NTALKGCP,sham,8.332274,2011,before,1
NTALKGCP_20110802-14,NTALKGCP,sham,15.43139,2011,before,1
NTALKGCP_20110802-24,NTALKGCP,sham,1416.115,2011,before,1
PJS648_PSRE,NTALKGCP,sham,557.7119648,2012,before,1
PJS650_PSRE,NTALKGCP,sham,54.71271127,2012,before,1
PJS647_PSRE,NTALKGCP,sham,187.9510403,2012,before,1
PJS653_PSRE,NTALKGCP,sham,129.7693829,2012,before,1
PJS654_PSRE,NTALKGCP,sham,25.92435429,2012,before,1
PJS652_PSRE,NTALKGCP,sham,937.0245934,2012,before,1
PJS651_PSRE,NTALKGCP,sham,33.76511087,2012,before,1
PJS646_PSRE,NTALKGCP,sham,15.61170835,2012,before,1
2013_034_G9,NTALKGCP,sham,0,2013,before,0
2013_034_H1,NTALKGCP,sham,0,2013,before,0
2013_034_H2,NTALKGCP,sham,0,2013,before,0
2013_034_H3,NTALKGCP,sham,0,2013,before,0
2013_034_H4,NTALKGCP,sham,0,2013,before,0
2013_034_H5,NTALKGCP,sham,0,2013,before,0
2013_034_H6,NTALKGCP,sham,0,2013,before,0
2013_034_H7,NTALKGCP,sham,0,2013,before,0
2013_034_H8,NTALKGCP,sham,0,2013,before,0
2013_034_H9,NTALKGCP,sham,0,2013,before,0
2013_034_I1,NTALKGCP,sham,0,2013,before,0
2013_034_I2,NTALKGCP,sham,0,2013,before,0
2013_034_I3,NTALKGCP,sham,0,2013,before,0
2013_034_I4,NTALKGCP,sham,0,2013,before,0
2013_034_I5,NTALKGCP,sham,0,2013,before,0
2015-098-F1,NTALKGCP,sham,0,2015,before,0
2015-098-F2,NTALKGCP,sham,0,2015,before,0
2015-098-F3,NTALKGCP,sham,2.860564,2015,before,1
2015-098-F4,NTALKGCP,sham,1.41812,2015,before,1
2015-098-F5,NTALKGCP,sham,0,2015,before,0
2015-098-F6,NTALKGCP,sham,211.7299,2015,before,1
2015-098-F7,NTALKGCP,sham,0,2015,before,0
2015-098-F8,NTALKGCP,sham,0,2015,before,0
2015-098-F9,NTALKGCP,sham,0,2015,before,0
2015-098-G1,NTALKGCP,sham,0,2015,before,0
2016-054-H3,NTALKGCP,sham,11.37157,2016,before,1
2016-054-H4,NTALKGCP,sham,23.49602,2016,before,1
2016-054-H5,NTALKGCP,sham,1011.638,2016,before,1
2016-054-H6,NTALKGCP,sham,14.38365,2016,before,1
2016-054-H7,NTALKGCP,sham,2181.589,2016,before,1
2016-054-H8,NTALKGCP,sham,2167.465,2016,before,1
2016-054-H9,NTALKGCP,sham,3911.381,2016,before,1
2016-054-I1,NTALKGCP,sham,20753.44,2016,before,1
2016-054-I2,NTALKGCP,sham,12.95468,2016,before,1
2016-054-I3,NTALKGCP,sham,2391.184,2016,before,1
2017-018-D4,NTALKGCP,sham,0,2017,before,0
2017-018-D5,NTALKGCP,sham,0,2017,before,0
2017-018-D6,NTALKGCP,sham,212.1846,2017,before,1
2017-018-D7,NTALKGCP,sham,68.12161,2017,before,1
2017-018-D8,NTALKGCP,sham,11.95644,2017,before,1
2017-018-D9,NTALKGCP,sham,0.700925,2017,before,1
2017-018-E1,NTALKGCP,sham,7957.917,2017,before,1
2017-018-E2,NTALKGCP,sham,13.79826,2017,before,1
2017-018-E3,NTALKGCP,sham,38600.4,2017,before,1
2017-018-E4,NTALKGCP,sham,0,2017,before,0
2018-040-C5,NTALKGCP,sham,0,2018,before,0
2018-040-C4,NTALKGCP,sham,0,2018,before,0
2018-040-C3,NTALKGCP,sham,0,2018,before,0
2018-040-C1,NTALKGCP,sham,0,2018,before,0
2018-040-B9,NTALKGCP,sham,0,2018,before,0
2018-040-B8,NTALKGCP,sham,0,2018,before,0
2018-040-B7,NTALKGCP,sham,0,2018,before,0
2018-021-A1,NTALKGCP,sham,0,2018,before,0
2018-021-A2,NTALKGCP,sham,0,2018,before,0
PPKBOR_20110814-06,PPKBOR,vaccine,884.5057,2011,before,1
PPKBOR_20110814-02,PPKBOR,vaccine,2943.789,2011,before,1
PPKBOR_20110814-07,PPKBOR,vaccine,218.048,2011,before,1
PPKBOR_20110814-10,PPKBOR,vaccine,60.46096,2011,before,1
PPKBOR_20110814-08,PPKBOR,vaccine,519.8975,2011,before,1
PPKBOR_20110814-04,PPKBOR,vaccine,81.16154,2011,before,1
PPKBOR_20110814-01,PPKBOR,vaccine,1228.797,2011,before,1
PPKBOR_20110814-05,PPKBOR,vaccine,104.9119,2011,before,1
PPKBOR_20110814-09,PPKBOR,vaccine,1403.699,2011,before,1
PPKBOR_20110814-03,PPKBOR,vaccine,2696.157,2011,before,1
PPKBOR_20110814-11,PPKBOR,vaccine,4538.85,2011,before,1
2018-015-G4,PPKBOR,vaccine,0,2018,before,0
2018-015-G5,PPKBOR,vaccine,0,2018,before,0
2018-015-G6,PPKBOR,vaccine,0,2018,before,0
2018-015-G1,PPKBOR,vaccine,0,2018,before,0
2018-015-F9,PPKBOR,vaccine,0,2018,before,0
2018-015-F8,PPKBOR,vaccine,17.83379,2018,before,1
2018-015-F7,PPKBOR,vaccine,0,2018,before,0
2018-009-E4,PPKBOR,vaccine,0.6965302,2018,before,1
2018-009-E5,PPKBOR,vaccine,0,2018,before,0
2018-009-E6,PPKBOR,vaccine,4.035625,2018,before,1
2017-013-G2,UCTBOR,vaccine,0,2017,before,0
2017-013-G3,UCTBOR,vaccine,0,2017,before,0
2017-013-G4,UCTBOR,vaccine,0,2017,before,0
2017-013-G5,UCTBOR,vaccine,0,2017,before,0
2017-013-G6,UCTBOR,vaccine,0,2017,before,0
2017-013-G7,UCTBOR,vaccine,0,2017,before,0
2017-013-G8,UCTBOR,vaccine,0,2017,before,0
2017-013-G9,UCTBOR,vaccine,12.02175,2017,before,1
2018-062-C4,UCTBOR,vaccine,0,2018,before,0
2018-062-C5,UCTBOR,vaccine,0,2018,before,0
2018-062-C6,UCTBOR,vaccine,0,2018,before,0
2018-062-C7,UCTBOR,vaccine,0,2018,before,0
2018-062-C8,UCTBOR,vaccine,0,2018,before,0
2018-062-C9,UCTBOR,vaccine,0,2018,before,0
2018-062-D1,UCTBOR,vaccine,0,2018,before,0
2018-062-D2,UCTBOR,vaccine,0,2018,before,0
2018-062-D3,UCTBOR,vaccine,0,2018,before,0
2018-062-D4,UCTBOR,vaccine,0,2018,before,0
WashGCP_20110726-10,WASHGCP,sham,0.9864233,2011,before,1
WashGCP_20110726-05,WASHGCP,sham,66.45753,2011,before,1
WashGCP_20110726-09,WASHGCP,sham,4.681932,2011,before,1
WashGCP_20110726-06,WASHGCP,sham,207.3174,2011,before,1
WashGCP_20110726-01,WASHGCP,sham,71.89002,2011,before,1
WashGCP_20110726-04,WASHGCP,sham,13.55428,2011,before,1
WashGCP_20110726-07,WASHGCP,sham,2.030701,2011,before,1
WashGCP_20110726-03,WASHGCP,sham,1.812391,2011,before,1
WashGCP_20110726-11,WASHGCP,sham,4280.103,2011,before,1
2015-003-F1,WASHGCP,sham,0,2015,before,0
2016-051-F6,WASHGCP,sham,6.782754,2016,before,1
2016-051-F7,WASHGCP,sham,1014.525,2016,before,1
2016-051-F8,WASHGCP,sham,79.67679,2016,before,1
2016-051-G1,WASHGCP,sham,966.1672,2016,before,1
2016-051-G2,WASHGCP,sham,6.267582,2016,before,1
2016-051-G3,WASHGCP,sham,2632.344,2016,before,1
2016-051-G4,WASHGCP,sham,17.93226,2016,before,1
2016-051-G5,WASHGCP,sham,12.07655,2016,before,1
2016-051-G6,WASHGCP,sham,12.08509,2016,before,1
2017-069-C5,WASHGCP,sham,652.5143,2017,before,1
2017-069-C6,WASHGCP,sham,0,2017,before,0
2017-069-C7,WASHGCP,sham,0,2017,before,0
2017-069-C8,WASHGCP,sham,0,2017,before,0
2017-069-C9,WASHGCP,sham,0,2017,before,0
2017-069-D1,WASHGCP,sham,0,2017,before,0
2017-069-D2,WASHGCP,sham,0,2017,before,0
2017-069-D3,WASHGCP,sham,0,2017,before,0
2017-069-D4,WASHGCP,sham,0,2017,before,0
2017-069-D5,WASHGCP,sham,0,2017,before,0
2018-009-E7,WASHGCP,sham,0,2018,before,0
2018-009-E8,WASHGCP,sham,0,2018,before,0
2018-009-E9,WASHGCP,sham,0,2018,before,0
2018-009-F1,WASHGCP,sham,0,2018,before,0
2018-009-F2,WASHGCP,sham,0.01000931,2018,before,1
2018-009-F3,WASHGCP,sham,2.946388,2018,before,1
PJS678_PSRE,YBBA,sham,10.71597189,2012,before,1
PJS685_PSRE,YBBA,sham,15.70117549,2012,before,1
2013_034_B7,YBBA,sham,0,2013,before,0
2013_034_B8,YBBA,sham,0,2013,before,0
2013_034_B9,YBBA,sham,0,2013,before,0
2013_034_C1,YBBA,sham,0,2013,before,0
2013_034_C2,YBBA,sham,0,2013,before,0
2013_034_C3,YBBA,sham,0,2013,before,0
2013_034_C4,YBBA,sham,0,2013,before,0
2013_034_C5,YBBA,sham,0,2013,before,0
2013_034_C6,YBBA,sham,0,2013,before,0
2013_034_C7,YBBA,sham,0,2013,before,0
2013_034_C8,YBBA,sham,0,2013,before,0
2013_034_C9,YBBA,sham,0,2013,before,0
2013_034_D1,YBBA,sham,0,2013,before,0
2013_034_D2,YBBA,sham,0,2013,before,0
2013_034_D3,YBBA,sham,0,2013,before,0
2015-096-I2,YBBA,sham,0,2015,before,0
2015-096-I3,YBBA,sham,0,2015,before,0
2015-096-I4,YBBA,sham,0,2015,before,0
2015-096-I5,YBBA,sham,0,2015,before,0
2015-096-I6,YBBA,sham,0,2015,before,0
2015-098-A1,YBBA,sham,0,2015,before,0
2015-098-A2,YBBA,sham,0,2015,before,0
2015-098-A3,YBBA,sham,0,2015,before,0
2015-098-A4,YBBA,sham,0,2015,before,0
2015-098-A5,YBBA,sham,0,2015,before,0
2016-059-G8,YBBA,sham,73.48824,2016,before,1
2016-059-G9,YBBA,sham,22.17865,2016,before,1
2016-059-H7,YBBA,sham,7.756139,2016,before,1
2016-059-H8,YBBA,sham,9.642045,2016,before,1
2017-110-F9,YBBA,sham,53.69114,2017,before,1
2017-110-G1,YBBA,sham,1571.088,2017,before,1
2017-110-G2,YBBA,sham,129.6936,2017,before,1
2017-110-G3,YBBA,sham,119.2296,2017,before,1
2017-110-G4,YBBA,sham,15.76357,2017,before,1
2017-110-G5,YBBA,sham,11.01864,2017,before,1
2017-110-G6,YBBA,sham,16.80212,2017,before,1
2017-110-G7,YBBA,sham,27.23007,2017,before,1
2017-110-G8,YBBA,sham,14.48725,2017,before,1
2017-110-G9,YBBA,sham,38.47617,2017,before,1
2018-040-D6,YBBA,sham,0,2018,before,0
2018-040-D5,YBBA,sham,0,2018,before,0
2018-040-D4,YBBA,sham,0,2018,before,0
2018-040-D3,YBBA,sham,0,2018,before,0
2018-040-D2,YBBA,sham,0,2018,before,0
2018-040-D1,YBBA,sham,0.978938,2018,before,1
2018-040-C9,YBBA,sham,0,2018,before,0
2018-040-C8,YBBA,sham,0,2018,before,0
2018-040-C7,YBBA,sham,198.2573,2018,before,1
2018-040-C6,YBBA,sham,0,2018,before,0
2022_708_A2,NTALKGCP,sham,0,2022,after,0
2022_708_A3,NTALKGCP,sham,0,2022,after,0
2022_708_A4,NTALKGCP,sham,0,2022,after,0
2022_708_A5,GRAMPBOR,sham,0,2022,after,0
2022_708_A6,GRAMPBOR,sham,0,2022,after,0
2022_708_A7,GRAMPBOR,sham,0,2022,after,0
2022_708_A8,GRAMPBOR,sham,0,2022,after,0
2022_708_A9,GRAMPBOR,sham,0,2022,after,0
2022_708_B1,GRAMPBOR,sham,0,2022,after,0
2022_707_E5,CA-MANZA,vaccine,0,2022,after,0
2022_707_E6,CA-MANZA,vaccine,0,2022,after,0
2022_707_E7,CA-MANZA,vaccine,0,2022,after,0
2022_707_E8,CA-MANZA,vaccine,0,2022,after,0
2022_707_E9,CA-MANZA,vaccine,226.8,2022,after,1
2022_707_F1,CA-MANZA,vaccine,0,2022,after,0
2022_707_F2,CA-MANZA,vaccine,0,2022,after,0
2022_707_F3,CA-MANZA,vaccine,0,2022,after,0
2022_707_F4,CA-MANZA,vaccine,0,2022,after,0
2022_707_F5,CA-MANZA,vaccine,399.5,2022,after,1
2022_706_A1,CA-PIG,sham,0,2022,after,0
2022_706_A2,CA-PIG,sham,0,2022,after,0
2022_706_A3,CA-PIG,sham,0,2022,after,0
2022_706_A4,CA-PIG,sham,0,2022,after,0
2022_706_A5,CA-PIG,sham,0,2022,after,0
2022_706_A6,CA-PIG,sham,0,2022,after,0
2022_706_A7,CA-PIG,sham,0,2022,after,0
2022_706_A8,CA-PIG,sham,0,2022,after,0
2022_706_A9,CA-PIG,sham,0,2022,after,0
2022_706_B1,CA-PIG,sham,0,2022,after,0
2022_711_A1,CABINBOR,sham,0,2022,after,0
2022_711_A2,CABINBOR,sham,0,2022,after,0
2022_711_A3,CABINBOR,sham,0,2022,after,0
2022_711_A4,CABINBOR,sham,0,2022,after,0
2022_711_A5,CABINBOR,sham,0,2022,after,0
2022_711_A6,CABINBOR,sham,0,2022,after,0
2022_711_A7,CABINBOR,sham,0,2022,after,0
2022_711_A8,CABINBOR,sham,0,2022,after,0
2022_711_A9,CABINBOR,sham,0,2022,after,0
2022_711_B1,CABINBOR,sham,0,2022,after,0
2022_707_A1,GLORGCP,vaccine,0,2022,after,0
2022_707_A2,GLORGCP,vaccine,0,2022,after,0
2022_707_A3,GLORGCP,vaccine,0,2022,after,0
2022_707_A4,GLORGCP,vaccine,0,2022,after,0
2022_707_A5,GLORGCP,vaccine,0,2022,after,0
2022_707_A6,GLORGCP,vaccine,0,2022,after,0
2022_707_A7,GLORGCP,vaccine,0,2022,after,0
2022_707_A8,GLORGCP,vaccine,0,2022,after,0
2022_707_A9,GLORGCP,vaccine,0,2022,after,0
2022_707_B1,GLORGCP,vaccine,0,2022,after,0
2022_706_D4,NORTHGCP,vaccine,0,2022,after,0
2022_706_D5,NORTHGCP,vaccine,0,2022,after,0
2022_706_D6,NORTHGCP,vaccine,0,2022,after,0
2022_706_D7,NORTHGCP,vaccine,0,2022,after,0
2022_706_D8,NORTHGCP,vaccine,0,2022,after,0
2022_706_D9,NORTHGCP,vaccine,0,2022,after,0
2022_706_E1,NORTHGCP,vaccine,0,2022,after,0
2022_706_E2,NORTHGCP,vaccine,0,2022,after,0
2022_706_E3,NORTHGCP,vaccine,0,2022,after,0
2022_706_E4,NORTHGCP,vaccine,0,2022,after,0
2022_707_B2,GLORGCP,vaccine,0,2022,after,0
2022_707_B3,GLORGCP,vaccine,0,2022,after,0
2022_707_B4,GLORGCP,vaccine,0,2022,after,0
2022_707_B5,GLORGCP,vaccine,0,2022,after,0
2022_707_B6,GLORGCP,vaccine,0,2022,after,0
2022_707_B7,GLORGCP,vaccine,0,2022,after,0
2022_707_B8,GLORGCP,vaccine,0,2022,after,0
2022_707_B9,GLORGCP,vaccine,0,2022,after,0
2022_707_C1,GLORGCP,vaccine,0,2022,after,0
2022_707_C2,GLORGCP,vaccine,0,2022,after,0
2022_708_B2,GRAMPBOR,sham,0,2022,after,0
2022_708_B3,GRAMPBOR,sham,0,2022,after,0
2022_708_B4,GRAMPBOR,sham,0,2022,after,0
2022_708_B5,GRAMPBOR,sham,0,2022,after,0
2022_708_B6,GRAMPBOR,sham,0,2022,after,0
2022_708_B7,GRAMPBOR,sham,0,2022,after,0
2022_708_B8,GRAMPBOR,sham,0,2022,after,0
2022_708_B9,GRAMPBOR,sham,0,2022,after,0
2022_708_C1,GRAMPBOR,sham,0,2022,after,0
2022_708_C2,GRAMPBOR,sham,0,2022,after,0
2022_710_G4,HERONGCP,vaccine,0,2022,after,0
2022_710_G5,HERONGCP,vaccine,0,2022,after,0
2022_706_B2,CA-PIG,sham,0,2022,after,0
2022_706_B3,CA-PIG,sham,0,2022,after,0
2022_706_B4,CA-PIG,sham,0,2022,after,0
2022_706_B5,CA-PIG,sham,0,2022,after,0
2022_706_B6,CA-PIG,sham,0,2022,after,0
2022_706_B7,CA-PIG,sham,0,2022,after,0
2022_706_B8,CA-PIG,sham,0,2022,after,0
2022_706_B9,CA-PIG,sham,0,2022,after,0
2022_706_C1,CA-PIG,sham,0,2022,after,0
2022_706_C2,NORTHGCP,vaccine,0,2022,after,0
2022_711_B2,CABINBOR,sham,0,2022,after,0
2022_711_B3,CABINBOR,sham,0,2022,after,0
2022_711_B4,CABINBOR,sham,0,2022,after,0
2022_711_B5,CABINBOR,sham,0,2022,after,0
2022_711_B6,PPKBOR,vaccine,0,2022,after,0
2022_711_B7,PPKBOR,vaccine,0,2022,after,0
2022_711_B8,UCTBOR,vaccine,0,2022,after,0
2022_707_D4,CA-MANZA,vaccine,59.6,2022,after,1
2022_707_D5,CA-MANZA,vaccine,0,2022,after,0
2022_707_D6,CA-MANZA,vaccine,0,2022,after,0
2022_707_D7,CA-MANZA,vaccine,0,2022,after,0
2022_707_D8,CA-MANZA,vaccine,742.7,2022,after,1
2022_707_D9,CA-MANZA,vaccine,0,2022,after,0
2022_707_E1,CA-MANZA,vaccine,0,2022,after,0
2022_707_E2,CA-MANZA,vaccine,0,2022,after,0
2022_707_E3,CA-MANZA,vaccine,0,2022,after,0
2022_707_E4,CA-MANZA,vaccine,0,2022,after,0
2022_707_C3,GLORGCP,vaccine,0,2022,after,0
2022_707_C4,GLORGCP,vaccine,0,2022,after,0
2022_707_C5,GLORGCP,vaccine,0,2022,after,0
2022_707_C6,CA-MANZA,vaccine,156.1,2022,after,1
2022_707_C7,CA-MANZA,vaccine,0,2022,after,0
2022_707_C8,CA-MANZA,vaccine,0,2022,after,0
2022_707_C9,CA-MANZA,vaccine,0,2022,after,0
2022_707_D1,CA-MANZA,vaccine,0,2022,after,0
2022_707_D2,CA-MANZA,vaccine,0,2022,after,0
2022_707_D3,CA-MANZA,vaccine,0,2022,after,0
2022_708_C3,GRAMPBOR,sham,0,2022,after,0
2022_708_C4,GRAMPBOR,sham,0,2022,after,0
2022_708_C5,GRAMPBOR,sham,0,2022,after,0
2022_708_C6,GRAMPBOR,sham,0,2022,after,0
2022_708_C7,GRAMPBOR,sham,0,2022,after,0
2022_708_C8,GRAMPBOR,sham,0,2022,after,0
2022_708_C9,GRAMPBOR,sham,0,2022,after,0
2022_708_D1,GRAMPBOR,sham,0,2022,after,0
2022_708_D2,GRAMPBOR,sham,0,2022,after,0
2022_708_D3,GRAMPBOR,sham,0,2022,after,0
2022_706_E5,NORTHGCP,vaccine,0,2022,after,0
2022_706_E6,NORTHGCP,vaccine,0,2022,after,0
2022_706_E7,NORTHGCP,vaccine,0,2022,after,0
2022_706_E8,NORTHGCP,vaccine,0,2022,after,0
2022_706_E9,NORTHGCP,vaccine,0,2022,after,0
2022_706_F1,NORTHGCP,vaccine,0,2022,after,0
2022_706_F2,NORTHGCP,vaccine,0,2022,after,0
2022_706_F3,NORTHGCP,vaccine,0,2022,after,0
2022_706_F4,NORTHGCP,vaccine,0,2022,after,0
2022_706_F5,NORTHGCP,vaccine,0,2022,after,0
2022_706_C3,NORTHGCP,vaccine,0,2022,after,0
2022_706_C4,NORTHGCP,vaccine,0,2022,after,0
2022_706_C5,NORTHGCP,vaccine,0,2022,after,0
2022_706_C6,NORTHGCP,vaccine,0,2022,after,0
2022_706_C7,NORTHGCP,vaccine,0,2022,after,0
2022_706_C8,NORTHGCP,vaccine,0,2022,after,0
2022_706_C9,NORTHGCP,vaccine,0,2022,after,0
2022_706_D1,NORTHGCP,vaccine,0,2022,after,0
2022_706_D2,NORTHGCP,vaccine,0,2022,after,0
2022_706_D3,NORTHGCP,vaccine,0,2022,after,0
2022_710_G6,HERONGCP,vaccine,0,2022,after,0
2022_710_G7,HERONGCP,vaccine,0,2022,after,0
2022_707_F6,CA-MANZA,vaccine,0,2022,after,0
2022_707_F7,CA-MANZA,vaccine,0,2022,after,0
2022_707_F8,CA-MANZA,vaccine,0,2022,after,0
2022_707_F9,CA-MANZA,vaccine,83,2022,after,1
2022_707_G1,CA-MANZA,vaccine,0,2022,after,0
2022_707_G2,CA-MANZA,vaccine,0,2022,after,0
2022_707_G3,CA-MANZA,vaccine,0,2022,after,0
2022_707_G4,CA-PIG,sham,0,2022,after,0
2022_708_D4,GRAMPBOR,sham,0,2022,after,0
2022_708_D5,GRAMPBOR,sham,0,2022,after,0
2022_708_D6,GRAMPBOR,sham,0,2022,after,0
2022_708_D7,GRAMPBOR,sham,0,2022,after,0
2022_708_D8,GRAMPBOR,sham,0,2022,after,0
2022_707_G5,CA-PIG,sham,0,2022,after,0
2022_707_G6,CA-PIG,sham,0,2022,after,0
2022_706_F6,NORTHGCP,vaccine,0,2022,after,0
2022_706_F7,NORTHGCP,vaccine,0,2022,after,0
2022_706_F8,NORTHGCP,vaccine,0,2022,after,0
2022_706_F9,NORTHGCP,vaccine,0,2022,after,0
2022_706_G1,NORTHGCP,vaccine,0,2022,after,0
2022_706_G2,NORTHGCP,vaccine,0,2022,after,0
2022_706_G3,NORTHGCP,vaccine,0,2022,after,0
2022_706_G4,NORTHGCP,vaccine,0,2022,after,0
2022_708_D9,GRAMPBOR,sham,0,2022,after,0
2022_708_E1,GRAMPBOR,sham,0,2022,after,0
2022_708_E2,GRAMPBOR,sham,0,2022,after,0
2022_708_E3,GRAMPBOR,sham,0,2022,after,0
2022_708_E4,GRAMPBOR,sham,0,2022,after,0
2022_708_E5,GRAMPBOR,sham,0,2022,after,0
2022_708_E6,GRAMPBOR,sham,0,2022,after,0
2022_708_E7,GRAMPBOR,sham,0,2022,after,0
2022_706_G5,NORTHGCP,vaccine,0,2022,after,0
2022_706_G6,NTALKGCP,sham,0,2022,after,0
2022_710_G8,HERONGCP,vaccine,0,2022,after,0
2022_710_G9,HERONGCP,vaccine,0,2022,after,0
2022_710_H1,HERONGCP,vaccine,0,2022,after,0
2022_710_H2,HERONGCP,vaccine,0,2022,after,0
2022_710_H3,HERONGCP,vaccine,0,2022,after,0
2022_710_H4,HERONGCP,vaccine,0,2022,after,0
2022_710_H5,HERONGCP,vaccine,0,2022,after,0
2022_710_H6,HERONGCP,vaccine,0,2022,after,0
2022_710_H7,HERONGCP,vaccine,0,2022,after,0
2022_710_H8,HERONGCP,vaccine,0,2022,after,0
2022_707_G7,CA-PIG,sham,0,2022,after,0
2022_707_G8,CA-PIG,sham,0,2022,after,0
2022_707_G9,CA-PIG,sham,0,2022,after,0
2022_707_H1,CA-PIG,sham,0,2022,after,0
2022_707_H2,CA-PIG,sham,0,2022,after,0
2022_707_H3,CA-PIG,sham,0,2022,after,0
2022_707_H4,CA-PIG,sham,0,2022,after,0
2022_707_H5,CA-PIG,sham,0,2022,after,0
2022_707_H6,CA-PIG,sham,0,2022,after,0
2022_707_H7,CA-PIG,sham,0,2022,after,0
2022_706_G7,NTALKGCP,sham,0,2022,after,0
2022_706_G8,NTALKGCP,sham,0,2022,after,0
2022_706_G9,NTALKGCP,sham,0,2022,after,0
2022_706_H1,NTALKGCP,sham,0,2022,after,0
2022_706_H2,NTALKGCP,sham,0,2022,after,0
2022_706_H3,NTALKGCP,sham,0,2022,after,0
2022_706_H4,NTALKGCP,sham,0,2022,after,0
2022_706_H5,NTALKGCP,sham,0,2022,after,0
2022_706_H6,NTALKGCP,sham,0,2022,after,0
2022_706_H7,NTALKGCP,sham,0,2022,after,0
2022_706_H8,NTALKGCP,sham,0,2022,after,0
2022_706_H9,NTALKGCP,sham,0,2022,after,0
2022_706_I1,NTALKGCP,sham,0,2022,after,0
2022_706_I2,NTALKGCP,sham,0,2022,after,0
2022_706_I3,NTALKGCP,sham,0,2022,after,0
2022_706_I4,NTALKGCP,sham,0,2022,after,0
2022_706_I5,NTALKGCP,sham,0,2022,after,0
2022_706_I6,NTALKGCP,sham,0,2022,after,0
2022_707_H8,CA-PIG,sham,572.2,2022,after,1
2022_707_H9,CA-PIG,sham,0,2022,after,0
2022_707_I1,CA-PIG,sham,0,2022,after,0
2022_707_I2,CA-PIG,sham,0,2022,after,0
2022_707_I3,CA-PIG,sham,0,2022,after,0
2022_707_I4,CA-PIG,sham,0,2022,after,0
2022_707_I5,CA-PIG,sham,0,2022,after,0
2022_707_I6,CA-PIG,sham,0,2022,after,0
2022_710_H9,HERONGCP,vaccine,0,2022,after,0
2022_710_I1,HERONGCP,vaccine,0,2022,after,0
2022_710_I2,HERONGCP,vaccine,0,2022,after,0
2022_710_I3,HERONGCP,vaccine,0,2022,after,0
2022_710_I4,HERONGCP,vaccine,0,2022,after,0
2022_710_I5,HERONGCP,vaccine,0,2022,after,0
2022_710_I6,HERONGCP,vaccine,0,2022,after,0
183_2021,EDWD,sham,4.334939271,2021,after,1
184_2021,EDWD,sham,12.9300043,2021,after,1
185_2021,EDWD,sham,0.348244887,2021,after,1
186_2021,EDWD,sham,0.998520106,2021,after,1
187_2021,EDWD,sham,78.15118432,2021,after,1
188_2021,EDWD,sham,34.56100225,2021,after,1
189_2021,EDWD,sham,44.29927468,2021,after,1
190_2021,EDWD,sham,0,2021,after,0
191_2021,EDWD,sham,104.1463375,2021,after,1
647_2021,HERONGCP,vaccine,28.66082788,2021,after,1
648_2021,HERONGCP,vaccine,0,2021,after,0
649_2021,HERONGCP,vaccine,8.869995177,2021,after,1
650_2021,HERONGCP,vaccine,0,2021,after,0
651_2021,HERONGCP,vaccine,0,2021,after,0
652_2021,HERONGCP,vaccine,0,2021,after,0
653_2021,HERONGCP,vaccine,0,2021,after,0
654_2021,HERONGCP,vaccine,0,2021,after,0
655_2021,HERONGCP,vaccine,0,2021,after,0
656_2021,HERONGCP,vaccine,0,2021,after,0
658_2021,HERONGCP,vaccine,0,2021,after,0
659_2021,HERONGCP,vaccine,3.113189153,2021,after,1
660_2021,HERONGCP,vaccine,0,2021,after,0
661_2021,HERONGCP,vaccine,21.29943222,2021,after,1
662_2021,HERONGCP,vaccine,0,2021,after,0
663_2021,HERONGCP,vaccine,0,2021,after,0
664_2021,HERONGCP,vaccine,18.73612553,2021,after,1
665_2021,HERONGCP,vaccine,5.956793949,2021,after,1
666_2021,HERONGCP,vaccine,13.1820783,2021,after,1
667_2021,HERONGCP,vaccine,0,2021,after,0
668_2021,HERONGCP,vaccine,12.61868179,2021,after,1
669_2021,HERONGCP,vaccine,0,2021,after,0
670_2021,HERONGCP,vaccine,10.19272432,2021,after,1
671_2021,HERONGCP,vaccine,0,2021,after,0
672_2021,HERONGCP,vaccine,0,2021,after,0
673_2021,HERONGCP,vaccine,0,2021,after,0
674_2021,HERONGCP,vaccine,0,2021,after,0
675_2021,HERONGCP,vaccine,0.116565754,2021,after,1
676_2021,HERONGCP,vaccine,0,2021,after,0
677_2021,HERONGCP,vaccine,15.81661403,2021,after,1
678_2021,HERONGCP,vaccine,2.620542794,2021,after,1
679_2021,HERONGCP,vaccine,0,2021,after,0
680_2021,HERONGCP,vaccine,21.19461745,2021,after,1
681_2021,HERONGCP,vaccine,0,2021,after,0
682_2021,HERONGCP,vaccine,0,2021,after,0
683_2021,HERONGCP,vaccine,0,2021,after,0
684_2021,UCTBOR,vaccine,213.3497,2021,after,1
685_2021,UCTBOR,vaccine,0,2021,after,0
686_2021,UCTBOR,vaccine,0,2021,after,0
687_2021,UCTBOR,vaccine,0,2021,after,0
688_2021,UCTBOR,vaccine,26.73989832,2021,after,1
689_2021,UCTBOR,vaccine,51.97762251,2021,after,1
690_2021,UCTBOR,vaccine,0,2021,after,0
691_2021,UCTBOR,vaccine,8.528315276,2021,after,1
692_2021,UCTBOR,vaccine,15.0601849,2021,after,1
693_2021,UCTBOR,vaccine,0,2021,after,0
694_2021,UCTBOR,vaccine,0,2021,after,0
695_2021,UCTBOR,vaccine,0,2021,after,0
696_2021,UCTBOR,vaccine,0,2021,after,0
697_2021,UCTBOR,vaccine,0,2021,after,0
698_2021,UCTBOR,vaccine,0,2021,after,0
699_2021,UCTBOR,vaccine,0,2021,after,0
700_2021,UCTBOR,vaccine,36.21969894,2021,after,1
701_2021,UCTBOR,vaccine,23.58625531,2021,after,1
702_2021,UCTBOR,vaccine,0,2021,after,0
703_2021,UCTBOR,vaccine,0,2021,after,0
704_2021,UCTBOR,vaccine,0,2021,after,0
705_2021,UCTBOR,vaccine,0,2021,after,0
706_2021,UCTBOR,vaccine,0,2021,after,0
707_2021,UCTBOR,vaccine,0,2021,after,0
708_2021,UCTBOR,vaccine,0,2021,after,0
709_2021,UCTBOR,vaccine,0,2021,after,0
710_2021,UCTBOR,vaccine,52.13546455,2021,after,1
711_2021,UCTBOR,vaccine,0,2021,after,0
712_2021,UCTBOR,vaccine,0,2021,after,0
713_2021,UCTBOR,vaccine,41.41140729,2021,after,1
714_2021,UCTBOR,vaccine,0,2021,after,0
715_2021,UCTBOR,vaccine,0,2021,after,0
716_2021,UCTBOR,vaccine,0,2021,after,0
717_2021,UCTBOR,vaccine,0,2021,after,0
718_2021,UCTBOR,vaccine,30.46386167,2021,after,1
719_2021,UCTBOR,vaccine,41.50696993,2021,after,1
720_2021,UCTBOR,vaccine,0.074964765,2021,after,1
721_2021,UCTBOR,vaccine,0.754894176,2021,after,1
1585_2021,CA-PIG,sham,59.07304287,2021,after,1
1586_2021,CA-PIG,sham,0,2021,after,0
1587_2021,CA-PIG,sham,0,2021,after,0
1588_2021,CA-PIG,sham,0,2021,after,0
1589_2021,CA-PIG,sham,0,2021,after,0
1590_2021,CA-PIG,sham,0,2021,after,0
1591_2021,CA-PIG,sham,0,2021,after,0
1592_2021,CA-PIG,sham,0,2021,after,0
1593_2021,CA-PIG,sham,0,2021,after,0
1594_2021,CA-PIG,sham,0,2021,after,0
1595_2021,CA-PIG,sham,0,2021,after,0
1596_2021,CA-PIG,sham,0,2021,after,0
1597_2021,CA-PIG,sham,212.867099,2021,after,1
1598_2021,CA-PIG,sham,0,2021,after,0
1599_2021,CA-PIG,sham,39.00649399,2021,after,1
1600_2021,CA-PIG,sham,96.95879817,2021,after,1
1601_2021,CA-PIG,sham,5.784080923,2021,after,1
1602_2021,CA-PIG,sham,32.77987987,2021,after,1
1603_2021,CA-PIG,sham,103.1633645,2021,after,1
1604_2021,CA-PIG,sham,0,2021,after,0
1605_2021,CA-PIG,sham,0,2021,after,0
1606_2021,CA-PIG,sham,0,2021,after,0
1607_2021,CA-PIG,sham,0,2021,after,0
1608_2021,CA-PIG,sham,0,2021,after,0
1797_2021,CABINBOR,sham,0,2021,after,0
1798_2021,CABINBOR,sham,0,2021,after,0
1799_2021,CABINBOR,sham,0,2021,after,0
1800_2021,CABINBOR,sham,0,2021,after,0
1801_2021,CABINBOR,sham,34.12476853,2021,after,1
1802_2021,CABINBOR,sham,0,2021,after,0
1803_2021,CABINBOR,sham,0,2021,after,0
1804_2021,CABINBOR,sham,0,2021,after,0
1805_2021,CABINBOR,sham,0,2021,after,0
1806_2021,CABINBOR,sham,0,2021,after,0
1807_2021,CABINBOR,sham,1.853944687,2021,after,1
1808_2021,CABINBOR,sham,71.04591429,2021,after,1
1809_2021,CABINBOR,sham,0,2021,after,0
1810_2021,CABINBOR,sham,0,2021,after,0
1811_2021,CABINBOR,sham,0,2021,after,0
1812_2021,CABINBOR,sham,0,2021,after,0
1813_2021,CABINBOR,sham,0,2021,after,0
1814_2021,CABINBOR,sham,0,2021,after,0
1815_2021,CABINBOR,sham,32.52915591,2021,after,1
1816_2021,CABINBOR,sham,0,2021,after,0
1817_2021,CABINBOR,sham,0,2021,after,0
1818_2021,CABINBOR,sham,0,2021,after,0
1819_2021,CABINBOR,sham,0,2021,after,0
1820_2021,CABINBOR,sham,0,2021,after,0
1821_2021,CABINBOR,sham,0,2021,after,0
1822_2021,CABINBOR,sham,0,2021,after,0
1823_2021,CABINBOR,sham,0,2021,after,0
1824_2021,CABINBOR,sham,0,2021,after,0
1825_2021,CABINBOR,sham,0,2021,after,0
1826_2021,CABINBOR,sham,0,2021,after,0
1827_2021,CABINBOR,sham,0,2021,after,0
1828_2021,CABINBOR,sham,0,2021,after,0
1829_2021,CABINBOR,sham,0,2021,after,0
1830_2021,CABINBOR,sham,7.348750904,2021,after,1
1831_2021,CABINBOR,sham,0,2021,after,0
1832_2021,CABINBOR,sham,73.28948379,2021,after,1
1833_2021,CABINBOR,sham,216.6783571,2021,after,1
1834_2021,CABINBOR,sham,0,2021,after,0
1835_2021,CABINBOR,sham,0,2021,after,0
1836_2021,CABINBOR,sham,0,2021,after,0
1837_2021,CABINBOR,sham,0,2021,after,0
1838_2021,CABINBOR,sham,0,2021,after,0
1839_2021,CABINBOR,sham,0,2021,after,0
1840_2021,PPKBOR,vaccine,0,2021,after,0
1841_2021,PPKBOR,vaccine,0,2021,after,0
1842_2021,PPKBOR,vaccine,0,2021,after,0
1843_2021,PPKBOR,vaccine,0,2021,after,0
1844_2021,PPKBOR,vaccine,0,2021,after,0
1845_2021,PPKBOR,vaccine,0,2021,after,0
1846_2021,PPKBOR,vaccine,0,2021,after,0
1847_2021,PPKBOR,vaccine,0,2021,after,0
1848_2021,PPKBOR,vaccine,0,2021,after,0
1849_2021,PPKBOR,vaccine,0,2021,after,0
1850_2021,PPKBOR,vaccine,0,2021,after,0
1851_2021,PPKBOR,vaccine,0,2021,after,0
1852_2021,PPKBOR,vaccine,0,2021,after,0
1853_2021,PPKBOR,vaccine,0,2021,after,0
1854_2021,PPKBOR,vaccine,408.2876444,2021,after,1
1855_2021,PPKBOR,vaccine,372.9319096,2021,after,1
1856_2021,PPKBOR,vaccine,0,2021,after,0
1857_2021,PPKBOR,vaccine,0,2021,after,0
1858_2021,PPKBOR,vaccine,0,2021,after,0
1859_2021,PPKBOR,vaccine,0,2021,after,0
1860_2021,PPKBOR,vaccine,25.30890405,2021,after,1
1861_2021,PPKBOR,vaccine,0,2021,after,0
1862_2021,PPKBOR,vaccine,0,2021,after,0
1863_2021,PPKBOR,vaccine,0,2021,after,0
1905_2021,CA-MANZA,vaccine,150.64888,2021,after,1
1906_2021,CA-MANZA,vaccine,0,2021,after,0
1907_2021,CA-MANZA,vaccine,0,2021,after,0
1908_2021,CA-MANZA,vaccine,21.9664,2021,after,1
1909_2021,CA-MANZA,vaccine,0,2021,after,0
1910_2021,CA-MANZA,vaccine,136.1064613,2021,after,1
1911_2021,CA-MANZA,vaccine,4558.759403,2021,after,1
1912_2021,CA-MANZA,vaccine,24.25930426,2021,after,1
1913_2021,NTALKGCP,sham,50.17557442,2021,after,1
1914_2021,NTALKGCP,sham,0,2021,after,0
1915_2021,NTALKGCP,sham,354.2053699,2021,after,1
1916_2021,NTALKGCP,sham,0,2021,after,0
1917_2021,NTALKGCP,sham,0,2021,after,0
1918_2021,NTALKGCP,sham,0,2021,after,0
1919_2021,NTALKGCP,sham,0,2021,after,0
1920_2021,NTALKGCP,sham,85.13031006,2021,after,1
1921_2021,NTALKGCP,sham,0,2021,after,0
1922_2021,NTALKGCP,sham,209.804821,2021,after,1
1923_2021,NTALKGCP,sham,0.307698757,2021,after,1
1924_2021,NTALKGCP,sham,0,2021,after,0
1925_2021,NTALKGCP,sham,118.5097039,2021,after,1
1926_2021,NTALKGCP,sham,0,2021,after,0
1927_2021,NTALKGCP,sham,0,2021,after,0
1928_2021,YBBA,sham,0,2021,after,0
1929_2021,YBBA,sham,0,2021,after,0
1930_2021,YBBA,sham,0,2021,after,0
1931_2021,YBBA,sham,0,2021,after,0
1932_2021,YBBA,sham,0,2021,after,0
1933_2021,YBBA,sham,0,2021,after,0
1934_2021,YBBA,sham,0,2021,after,0
1935_2021,YBBA,sham,0,2021,after,0
1936_2021,YBBA,sham,0,2021,after,0
1937_2021,YBBA,sham,0,2021,after,0
1938_2021,YBBA,sham,0,2021,after,0
1939_2021,YBBA,sham,0,2021,after,0
1940_2021,YBBA,sham,0,2021,after,0
1941_2021,YBBA,sham,0,2021,after,0
1942_2021,YBBA,sham,0,2021,after,0
1943_2021,YBBA,sham,0,2021,after,0
1944_2021,YBBA,sham,0,2021,after,0
1945_2021,YBBA,sham,0,2021,after,0
1946_2021,YBBA,sham,0,2021,after,0
1947_2021,YBBA,sham,0,2021,after,0
1948_2021,YBBA,sham,0,2021,after,0
1949_2021,YBBA,sham,141.2210852,2021,after,1
1950_2021,GRAMPBOR,sham,0,2021,after,0
1951_2021,GRAMPBOR,sham,0,2021,after,0
1952_2021,GRAMPBOR,sham,0,2021,after,0
1953_2021,GRAMPBOR,sham,0,2021,after,0
1954_2021,GRAMPBOR,sham,0,2021,after,0
1955_2021,GRAMPBOR,sham,0,2021,after,0
1956_2021,GRAMPBOR,sham,60.49406826,2021,after,1
1957_2021,GRAMPBOR,sham,0,2021,after,0
1958_2021,GRAMPBOR,sham,0,2021,after,0
1959_2021,GRAMPBOR,sham,5.353512056,2021,after,1
1960_2021,GRAMPBOR,sham,0,2021,after,0
1961_2021,GRAMPBOR,sham,0,2021,after,0
1962_2021,GRAMPBOR,sham,0,2021,after,0
1963_2021,GRAMPBOR,sham,0,2021,after,0
1964_2021,GRAMPBOR,sham,0,2021,after,0
1965_2021,GRAMPBOR,sham,0,2021,after,0
1966_2021,GRAMPBOR,sham,0,2021,after,0
1967_2021,GRAMPBOR,sham,0,2021,after,0
1968_2021,GRAMPBOR,sham,0,2021,after,0
1969_2021,GRAMPBOR,sham,0,2021,after,0
1970_2021,GRAMPBOR,sham,0,2021,after,0
1971_2021,GRAMPBOR,sham,0,2021,after,0
1972_2021,GRAMPBOR,sham,0,2021,after,0
1973_2021,GRAMPBOR,sham,0,2021,after,0
1974_2021,GRAMPBOR,sham,0,2021,after,0
1975_2021,GRAMPBOR,sham,0,2021,after,0
1976_2021,GRAMPBOR,sham,0,2021,after,0
1977_2021,GRAMPBOR,sham,0,2021,after,0
1978_2021,GRAMPBOR,sham,0,2021,after,0
1979_2021,GRAMPBOR,sham,0,2021,after,0
1980_2021,GRAMPBOR,sham,0,2021,after,0
1981_2021,GRAMPBOR,sham,0,2021,after,0
1982_2021,GRAMPBOR,sham,0,2021,after,0
1983_2021,GRAMPBOR,sham,0,2021,after,0
1984_2021,GRAMPBOR,sham,0,2021,after,0
1985_2021,NORTHGCP,vaccine,44.55078542,2021,after,1
1986_2021,NORTHGCP,vaccine,0,2021,after,0
1987_2021,NORTHGCP,vaccine,0,2021,after,0
1988_2021,NORTHGCP,vaccine,0,2021,after,0
1989_2021,NORTHGCP,vaccine,0,2021,after,0
1990_2021,NORTHGCP,vaccine,0,2021,after,0
1991_2021,NORTHGCP,vaccine,0,2021,after,0
1992_2021,NORTHGCP,vaccine,23.69192317,2021,after,1
1993_2021,NORTHGCP,vaccine,0,2021,after,0
1994_2021,NORTHGCP,vaccine,0,2021,after,0
1995_2021,NORTHGCP,vaccine,0,2021,after,0
1996_2021,NORTHGCP,vaccine,184.8762453,2021,after,1
1997_2021,NORTHGCP,vaccine,0,2021,after,0
1998_2021,NORTHGCP,vaccine,0,2021,after,0
1999_2021,NORTHGCP,vaccine,0,2021,after,0
2000_2021,NORTHGCP,vaccine,0,2021,after,0
2001_2021,NORTHGCP,vaccine,0,2021,after,0
2002_2021,NORTHGCP,vaccine,0,2021,after,0
2003_2021,NORTHGCP,vaccine,0,2021,after,0
2004_2021,NORTHGCP,vaccine,0,2021,after,0
2005_2021,NORTHGCP,vaccine,0,2021,after,0
2006_2021,NORTHGCP,vaccine,0,2021,after,0
2007_2021,NORTHGCP,vaccine,0,2021,after,0
2008_2021,NORTHGCP,vaccine,76.52113438,2021,after,1
2009_2021,NORTHGCP,vaccine,0,2021,after,0
2010_2021,NORTHGCP,vaccine,0,2021,after,0
2011_2021,NORTHGCP,vaccine,0,2021,after,0
2012_2021,NORTHGCP,vaccine,0,2021,after,0
2013_2021,NORTHGCP,vaccine,0,2021,after,0
2014_2021,NORTHGCP,vaccine,0,2021,after,0
2015_2021,NORTHGCP,vaccine,27.94311941,2021,after,1
2016_2021,NORTHGCP,vaccine,0,2021,after,0
2017_2021,NORTHGCP,vaccine,0,2021,after,0
2018_2021,NORTHGCP,vaccine,0,2021,after,0
2019_2021,NORTHGCP,vaccine,0,2021,after,0
2020_2021,NORTHGCP,vaccine,0,2021,after,0
2021_2021,NORTHGCP,vaccine,0,2021,after,0
2022_2021,NORTHGCP,vaccine,0,2021,after,0
2023_2021,NORTHGCP,vaccine,0,2021,after,0
2043_2021,CA-MANZA,vaccine,0,2021,after,0
2044_2021,CA-MANZA,vaccine,0,2021,after,0
2045_2021,CA-MANZA,vaccine,36.92882136,2021,after,1
2046_2021,CA-MANZA,vaccine,0,2021,after,0
2047_2021,CA-MANZA,vaccine,0,2021,after,0
2048_2021,CA-MANZA,vaccine,48.83024096,2021,after,1
2049_2021,CA-MANZA,vaccine,0,2021,after,0
2050_2021,CA-MANZA,vaccine,0,2021,after,0
2051_2021,CA-MANZA,vaccine,0,2021,after,0
2052_2021,CA-MANZA,vaccine,0,2021,after,0
2053_2021,CA-MANZA,vaccine,0,2021,after,0
2054_2021,CA-MANZA,vaccine,0,2021,after,0
2169_2021,CA-PIG,sham,0,2021,after,0
2170_2021,CA-PIG,sham,8.622555435,2021,after,1
2171_2021,CA-PIG,sham,0,2021,after,0
2172_2021,CA-PIG,sham,0,2021,after,0
2173_2021,CA-PIG,sham,0,2021,after,0
2174_2021,YBBA,sham,0,2021,after,0
2175_2021,YBBA,sham,0,2021,after,0
2176_2021,YBBA,sham,0,2021,after,0
2177_2021,YBBA,sham,0,2021,after,0
2178_2021,YBBA,sham,0,2021,after,0
2179_2021,YBBA,sham,0,2021,after,0
2180_2021,PPKBOR,vaccine,0,2021,after,0
2181_2021,PPKBOR,vaccine,0,2021,after,0
2182_2021,PPKBOR,vaccine,6.457673758,2021,after,1
2183_2021,PPKBOR,vaccine,0,2021,after,0
2184_2021,PPKBOR,vaccine,0,2021,after,0
2185_2021,PPKBOR,vaccine,2.5930278,2021,after,1
2186_2021,PPKBOR,vaccine,0,2021,after,0
2187_2021,PPKBOR,vaccine,0,2021,after,0
2188_2021,PPKBOR,vaccine,0,2021,after,0
2189_2021,PPKBOR,vaccine,2.924779058,2021,after,1
2190_2021,PPKBOR,vaccine,0,2021,after,0
2191_2021,PPKBOR,vaccine,37.93682456,2021,after,1
2192_2021,PPKBOR,vaccine,22.69919664,2021,after,1
2193_2021,PPKBOR,vaccine,0,2021,after,0
2194_2021,PPKBOR,vaccine,0,2021,after,0
2195_2021,PPKBOR,vaccine,0,2021,after,0
2196_2021,PPKBOR,vaccine,89.25267458,2021,after,1
2197_2021,PPKBOR,vaccine,0,2021,after,0
2198_2021,PPKBOR,vaccine,0,2021,after,0
2199_2021,PPKBOR,vaccine,0,2021,after,0
2224_2021,WASHGCP,sham,0,2021,after,0
2225_2021,WASHGCP,sham,0,2021,after,0
2226_2021,WASHGCP,sham,0,2021,after,0
2227_2021,WASHGCP,sham,0,2021,after,0
2228_2021,WASHGCP,sham,0,2021,after,0
2229_2021,WASHGCP,sham,0,2021,after,0
2230_2021,WASHGCP,sham,0,2021,after,0
2231_2021,WASHGCP,sham,0,2021,after,0
2232_2021,WASHGCP,sham,0,2021,after,0
2233_2021,WASHGCP,sham,0,2021,after,0
2234_2021,WASHGCP,sham,0,2021,after,0
2235_2021,WASHGCP,sham,0,2021,after,0
2236_2021,WASHGCP,sham,0,2021,after,0
2237_2021,WASHGCP,sham,0,2021,after,0
2238_2021,WASHGCP,sham,0,2021,after,0
2239_2021,WASHGCP,sham,0,2021,after,0
2240_2021,WASHGCP,sham,0,2021,after,0
2241_2021,WASHGCP,sham,0,2021,after,0
2242_2021,WASHGCP,sham,0,2021,after,0
2243_2021,WASHGCP,sham,0,2021,after,0
2244_2021,WASHGCP,sham,14.37615901,2021,after,1
2245_2021,WASHGCP,sham,0,2021,after,0
2246_2021,WASHGCP,sham,0,2021,after,0
2247_2021,WASHGCP,sham,0,2021,after,0
2248_2021,WASHGCP,sham,0,2021,after,0
2249_2021,WASHGCP,sham,0,2021,after,0
2250_2021,WASHGCP,sham,0,2021,after,0
2251_2021,WASHGCP,sham,8.494848013,2021,after,1
2252_2021,WASHGCP,sham,0,2021,after,0
2253_2021,WASHGCP,sham,0,2021,after,0
2254_2021,WASHGCP,sham,0,2021,after,0
2255_2021,WASHGCP,sham,0,2021,after,0
2256_2021,WASHGCP,sham,0,2021,after,0
2257_2021,WASHGCP,sham,0,2021,after,0